Aimag,Year,Temp_Winter,Temp_Winter_Z_study,Temp_Winter_Z_climate
Arkhangai,1970,-20.777617235536905,-0.9902961957412366,-0.7965766872797003
Arkhangai,1971,-22.0472441119912,-1.712496842473082,-1.4951855853288571
Arkhangai,1972,-22.30110100640189,-1.856898017905616,-1.6348696835118688
Arkhangai,1973,-19.592369720082203,-0.3160929805499961,-0.14439731391943822
Arkhangai,1974,-20.512200842963303,-0.8393196419798614,-0.6505320051933714
Arkhangai,1975,-20.099115611888724,-0.6043447634780879,-0.42323292746170904
Arkhangai,1976,-19.427863302348552,-0.22251695165355756,-0.05387808394230124
Arkhangai,1977,-22.85524634843989,-2.1721119849578416,-1.9397867216903506
Arkhangai,1978,-18.650549646071426,0.2196416350050672,0.3738367407208898
Arkhangai,1979,-17.55192361525545,0.8445720336018231,0.9783528666711393
Arkhangai,1980,-18.66929963665242,0.2089760957234588,0.36351960700141384
Arkhangai,1981,-20.8228590035144,-1.0160310275241666,-0.8214708528481074
Arkhangai,1982,-19.746540097837073,-0.4037895696710503,-0.22922916468802024
Arkhangai,1983,-20.046674356342812,-0.574514654039592,-0.39437726251898425
Arkhangai,1984,-22.70824746025931,-2.0884947474200235,-1.8589009644723853
Arkhangai,1985,-21.478116334514834,-1.3887604309421888,-1.182024500883081
Arkhangai,1986,-20.74804261760945,-0.9734732939972971,-0.7803033304189628
Arkhangai,1987,-18.18946002913108,0.4819228025915849,0.6275501073536086
Arkhangai,1988,-20.13953557897495,-0.627336814853115,-0.44547390958722266
Arkhangai,1989,-19.028914774200043,0.004416559588902798,0.16564230964492102
Arkhangai,1990,-17.618261812940034,0.806836939804322,0.9418504453358091
Arkhangai,1991,-17.865216836811562,0.6663617488161007,0.8059640835281539
Arkhangai,1992,-18.00971959431964,0.5841643829109956,0.7264518157430623
Arkhangai,1993,-18.741570677580636,0.16786622835509774,0.3237526540484883
Arkhangai,1994,-18.570268117645618,0.265308100346175,0.41801144365714593
Arkhangai,1995,-19.283041899881223,-0.14013833123981198,0.025809517405728538
Arkhangai,1996,-20.11508181536637,-0.6134268037934366,-0.43201828954280896
Arkhangai,1997,-16.487016305805703,1.450322244043089,1.5643153535844834
Arkhangai,1998,-17.67984270637416,0.771807938851969,0.9079657183339339
Arkhangai,1999,-16.77019555362652,1.2892416622517073,1.408496706437553
Arkhangai,2000,-20.144288126627583,-0.6300402020072532,-0.44808898661505303
Arkhangai,2001,-20.090407694121918,-0.5993914469096501,-0.41844141828039727
Arkhangai,2002,-17.998719278971333,0.5904216818120626,0.7325047107519777
Arkhangai,2003,-18.31086611335658,0.4128634953487341,0.560746724178462
Arkhangai,2004,-18.499156791781182,0.3057582880995086,0.4571402664020672
Arkhangai,2005,-22.12670519793473,-1.7576966162985195,-1.5389088419157273
Arkhangai,2006,-19.54246132933061,-0.287703638179735,-0.11693535126490684
Arkhangai,2007,-15.4934851846577,2.0154716052831056,2.1110032778832686
Arkhangai,2008,-20.333809821988307,-0.7378456474476311,-0.5523728082699028
Arkhangai,2009,-18.780417859112752,0.14576882308863512,0.3023770930976532
Arkhangai,2010,-22.62848190495995,-2.043121782580935,-1.8150101744116163
Arkhangai,2011,-20.984811552071257,-1.1081543414494952,-0.9105848229300348
Arkhangai,2012,-22.167534703384188,-1.7809216249905924,-1.5613751714641355
Arkhangai,2013,-21.620606438907554,-1.469812941292867,-1.2604293115080012
Arkhangai,2014,-18.166963676170045,0.4947193816171803,0.6399286672625829
Arkhangai,2015,-16.870921174979483,1.2319460030051665,1.3530726943567553
Arkhangai,2016,-19.300389494719308,-0.15000614708685492,0.016264048308946715
Arkhangai,2017,-17.79020792643227,0.7090289958563187,0.8472375420503054
Arkhangai,2018,-19.27494937284491,-0.13553506679440216,0.030262409432604095
Arkhangai,2019,-21.02082568510077,-1.1286402264348845,-0.9304015062852334
Arkhangai,2020,-17.14971639374154,1.0733591842872097,1.1996663478365341
Arkhangai,2021,-17.587389562159387,0.8243979728080632,0.9588378213107073
Arkhangai,2022,-17.756354890046275,0.7282855862965595,0.8658650875787098
Arkhangai,2023,-18.315484063419273,0.41023667121346935,0.558205709125636
Arkhangai,2024,-20.5987185537079,-0.8885334289690002,-0.6981381512871092
Arkhangai,2025,-16.92696284541375,1.2000678729953544,1.3222359104535533
Arkhangai,2026,-15.793217863859931,1.8449749508872482,1.946076148023215
Bayan-Ulgii,1970,-21.64557565272537,0.5579020733921298,0.5543755671734358
Bayan-Ulgii,1971,-23.8865931368422,-1.0404284152974757,-1.08160709486948
Bayan-Ulgii,1972,-23.580399752211274,-0.8220462627443279,-0.8580804726816815
Bayan-Ulgii,1973,-22.788675090453612,-0.25737522626045295,-0.2801073738873295
Bayan-Ulgii,1974,-22.750731392929815,-0.23031315778676506,-0.252407799152777
Bayan-Ulgii,1975,-22.776322779162154,-0.24856535490386988,-0.27108996672642705
Bayan-Ulgii,1976,-21.765320198380604,0.4724982960760102,0.4669599169366098
Bayan-Ulgii,1977,-24.86770614682484,-1.740174333309925,-1.7978370597012305
Bayan-Ulgii,1978,-22.656649090412454,-0.16321211389692766,-0.1837260432921634
Bayan-Ulgii,1979,-20.405686851296824,1.4422111374461528,1.4595164669543512
Bayan-Ulgii,1980,-22.459446079064126,-0.02256368623700157,-0.0397643340439822
Bayan-Ulgii,1981,-23.11916643047696,-0.493087079805126,-0.5213719361076472
Bayan-Ulgii,1982,-20.932153600933887,1.0667264019676828,1.075186366608101
Bayan-Ulgii,1983,-20.992698722050086,1.0235446268555788,1.0309873502597633
Bayan-Ulgii,1984,-24.461009257232526,-1.4501114297860815,-1.5009410895468442
Bayan-Ulgii,1985,-25.036471452384138,-1.860540521981026,-1.921038737424059
Bayan-Ulgii,1986,-21.927501248765243,0.3568281063721445,0.3485648627160753
Bayan-Ulgii,1987,-20.3928090764188,1.4513957780658304,1.4689174718886981
Bayan-Ulgii,1988,-23.169530022281318,-0.5290072209335871,-0.5581382547883822
Bayan-Ulgii,1989,-21.678552000549995,0.5343828003354523,0.5303022461570025
Bayan-Ulgii,1990,-20.877835468862227,1.105466986186292,1.1148395700898286
Bayan-Ulgii,1991,-21.95540016145083,0.33693014347685063,0.32819815974880445
Bayan-Ulgii,1992,-20.851567960424877,1.1242014047684268,1.1340153189106843
Bayan-Ulgii,1993,-21.100043601551253,0.9469844951620764,0.9526236770766411
Bayan-Ulgii,1994,-22.776932136857166,-0.2489999588234548,-0.2715348086926713
Bayan-Ulgii,1995,-20.768896075135423,1.1831643516227472,1.1943672670460856
Bayan-Ulgii,1996,-22.864841060711484,-0.31169804762467734,-0.33570988821963565
Bayan-Ulgii,1997,-21.150164748151617,0.9112372699363817,0.9160343477112692
Bayan-Ulgii,1998,-22.008382184843427,0.29914249391987785,0.2895203393906104
Bayan-Ulgii,1999,-21.022725095785418,1.0021293237862754,1.0090675628492771
Bayan-Ulgii,2000,-21.844079344299995,0.4163259792251547,0.409464338203001
Bayan-Ulgii,2001,-22.725589585578284,-0.21238160771385292,-0.23405383216633133
Bayan-Ulgii,2002,-21.72046631560926,0.5044888221998162,0.49970404992945866
Bayan-Ulgii,2003,-22.110187597749768,0.22653320081301706,0.21520057544529222
Bayan-Ulgii,2004,-21.889270323537755,0.38409503036314047,0.37647411878806797
Bayan-Ulgii,2005,-25.413041938401708,-2.129116779510647,-2.195941896604276
Bayan-Ulgii,2006,-23.50522203701207,-0.76842828112458,-0.8031994021369037
Bayan-Ulgii,2007,-19.538864919143595,2.0604427809941464,2.0923119101546033
Bayan-Ulgii,2008,-24.154446387747672,-1.2314657545646253,-1.277144736837443
Bayan-Ulgii,2009,-22.90443516289135,-0.33993721181455905,-0.3646142877366002
Bayan-Ulgii,2010,-25.06749642909256,-1.8826680450973838,-1.9436875227838342
Bayan-Ulgii,2011,-24.16361311989267,-1.2380036185361663,-1.283836614506
Bayan-Ulgii,2012,-24.483768004201817,-1.4663433420416552,-1.5175553800267132
Bayan-Ulgii,2013,-23.47449492823573,-0.7465132023112319,-0.7807680656707293
Bayan-Ulgii,2014,-23.040538007363484,-0.43700799660717365,-0.46397178734972105
Bayan-Ulgii,2015,-22.093840933028744,0.23819191066118914,0.2271339317244657
Bayan-Ulgii,2016,-22.1074859736066,0.22846004353852403,0.2171728091689931
Bayan-Ulgii,2017,-20.414795822201995,1.4357144697398503,1.4528667560192374
Bayan-Ulgii,2018,-23.17924022455323,-0.5359326967286389,-0.5652268753254224
Bayan-Ulgii,2019,-24.432694557160687,-1.4299169204956925,-1.4802708543850116
Bayan-Ulgii,2020,-20.552037755739622,1.33783126791095,1.3526777011081876
Bayan-Ulgii,2021,-21.841989942528713,0.4178161748964657,0.41098963869533844
Bayan-Ulgii,2022,-21.770382842432927,0.4688875351606842,0.4632640966440879
Bayan-Ulgii,2023,-22.56539258701132,-0.09812647636352832,-0.11710717109637117
Bayan-Ulgii,2024,-22.580787828233486,-0.10910661534080883,-0.12834597128242017
Bayan-Ulgii,2025,-22.247133183387938,0.12886135917488684,0.11522785977696626
Bayan-Ulgii,2026,-20.5925336465068,1.3089489332845718,1.3231149798672162
Bayankhongor,1970,-14.436768463422645,0.08154331944269463,0.0935910826967169
Bayankhongor,1971,-15.350332569626119,-0.5625492606326821,-0.5412460480593856
Bayankhongor,1972,-16.864483273104277,-1.630075038630992,-1.593431747564436
Bayankhongor,1973,-14.124079515948962,0.3019992563296475,0.31087912289597386
Bayankhongor,1974,-15.531456219175304,-0.6902473586190537,-0.6671091563088124
Bayankhongor,1975,-15.065419044734524,-0.36167590527679117,-0.34325919259124593
Bayankhongor,1976,-14.427130558805622,0.0883383574801413,0.10028847773667589
Bayankhongor,1977,-17.03782527611688,-1.7522868212499496,-1.7138873774264167
Bayankhongor,1978,-14.552107742597448,0.0002253545584800171,0.0134416366341976
Bayankhongor,1979,-11.60307797605884,2.079387810866591,2.0627270483431523
Bayankhongor,1980,-13.846283256482755,0.49785470673525567,0.5039201794532309
Bayankhongor,1981,-14.87356047720277,-0.22640933894392928,-0.2099363729929599
Bayankhongor,1982,-13.507576334251524,0.7366541669460026,0.7392881511329472
Bayankhongor,1983,-13.862602123524384,0.48634937163575115,0.4925801731421783
Bayankhongor,1984,-17.50590280976683,-2.082296794580455,-2.039155189959699
Bayankhongor,1985,-16.656253800302157,-1.4832664485450526,-1.4487327602083024
Bayankhongor,1986,-14.22801039113936,0.2287245894548018,0.23865739466166874
Bayankhongor,1987,-13.055887603759743,1.0551094979270403,1.0531673586380665
Bayankhongor,1988,-16.632260794009778,-1.4663505942315063,-1.4320599824914044
Bayankhongor,1989,-13.390250449510466,0.8193727537417753,0.8208180925203833
Bayankhongor,1990,-12.865673002806826,1.18921701404314,1.1853477832813828
Bayankhongor,1991,-13.477846743025847,0.7576145012970419,0.759947290720528
Bayankhongor,1992,-13.908702787963076,0.4538468951265737,0.46054474909314
Bayankhongor,1993,-14.955252123178903,-0.2840046217161854,-0.26670402595357384
Bayankhongor,1994,-14.023718405669566,0.37275712216537915,0.3806202158927667
Bayankhongor,1995,-13.782614183725778,0.5427434858199214,0.548163918006963
Bayankhongor,1996,-15.442850950229069,-0.6277777454891981,-0.6055372158990033
Bayankhongor,1997,-13.287968459219279,0.8914849028231038,0.8918940080511745
Bayankhongor,1998,-13.587257250899766,0.6804765141264136,0.6839177571370612
Bayankhongor,1999,-12.418889421187083,1.50421405460844,1.4958183951392874
Bayankhongor,2000,-15.177553990202107,-0.44073471007482096,-0.42118194213311216
Bayankhongor,2001,-13.968560666258206,0.41164513281219356,0.4189494155505974
Bayankhongor,2002,-14.185544725334095,0.2586642730165813,0.26816685245713257
Bayankhongor,2003,-15.241277044524164,-0.4856615479287547,-0.4654631925611146
Bayankhongor,2004,-14.087414589168118,0.3278492291210357,0.336357638042178
Bayankhongor,2005,-17.489862391633785,-2.0709877750703347,-2.0280086782321005
Bayankhongor,2006,-15.400560064735629,-0.5979612877648015,-0.5761492132164521
Bayankhongor,2007,-11.702808293756426,2.009074674436,1.9934242941011537
Bayankhongor,2008,-16.653958600122202,-1.4816482573358556,-1.44713782200215
Bayankhongor,2009,-13.896820101947881,0.46222457748272333,0.46880204624868504
Bayankhongor,2010,-16.187962811547983,-1.1531059823833647,-1.1233166173881903
Bayankhongor,2011,-16.489110368452707,-1.3654248613684792,-1.3325845271729737
Bayankhongor,2012,-16.644267661616464,-1.47481582867198,-1.4404035736297143
Bayankhongor,2013,-15.611804491918768,-0.7468955193168335,-0.7229432971023309
Bayankhongor,2014,-14.112969222158732,0.30983237690011656,0.3185996834825299
Bayankhongor,2015,-12.853673500684799,1.1976770555759833,1.1936862561328465
Bayankhongor,2016,-15.03691586668384,-0.34158023233348045,-0.3234522894431745
Bayankhongor,2017,-12.684893539716589,1.3166724493166648,1.3109717158204683
Bayankhongor,2018,-14.73046904749838,-0.1255252000869596,-0.11050191398512005
Bayankhongor,2019,-16.945540479743983,-1.687223020916805,-1.649758527634749
Bayankhongor,2020,-12.173313918203654,1.6773528176638663,1.6664691974632397
Bayankhongor,2021,-14.385362694698287,0.11778606801786175,0.12931303203741776
Bayankhongor,2022,-14.116133549528278,0.3076014225907094,0.31640078742869515
Bayankhongor,2023,-13.883647904306065,0.4715114077191237,0.47795542705677546
Bayankhongor,2024,-15.162424421010504,-0.43006786886479903,-0.4106683807640171
Bayankhongor,2025,-14.275097694636868,0.19552650013347406,0.2059363535826516
Bayankhongor,2026,-13.172715442585472,0.9727420497940302,0.971983510138612
Bulgan,1970,-20.00420757791268,-1.3164721126216934,-1.1304341910858668
Bulgan,1971,-20.93958373138868,-1.8278298200343475,-1.652405247625251
Bulgan,1972,-20.25854483341823,-1.4555149088290076,-1.2723628531329112
Bulgan,1973,-18.676195083839286,-0.5904653378486435,-0.3893589754594947
Bulgan,1974,-18.441559634001337,-0.4621932568671082,-0.2584245773583885
Bulgan,1975,-17.838774882883243,-0.1326588473682193,0.07794939608289016
Bulgan,1976,-18.03617634427718,-0.2405756018879842,-0.03220719598256688
Bulgan,1977,-21.965776659094747,-2.3888358505225065,-2.225055089827716
Bulgan,1978,-16.318515965558458,0.6984464911075626,0.926304520746435
Bulgan,1979,-17.8384932587112,-0.13250488717751657,0.07810655175345341
Bulgan,1980,-18.246660945726457,-0.35564473513752054,-0.14966461607550863
Bulgan,1981,-19.460551353122856,-1.0192624823611374,-0.8270559052559202
Bulgan,1982,-18.657500855819016,-0.58024545192706,-0.37892697340912546
Bulgan,1983,-18.958540952378403,-0.7448200704308893,-0.5469173767114619
Bulgan,1984,-20.599326833089172,-1.6418158974009849,-1.4625305624088238
Bulgan,1985,-20.161222065358903,-1.4023098454233063,-1.2180535061600535
Bulgan,1986,-19.558684274424657,-1.0729104457736265,-0.8818173447290631
Bulgan,1987,-17.56259207241775,0.018326623302154645,0.23206860560193907
Bulgan,1988,-17.968369713382423,-0.2035066182573158,0.005631163095742601
Bulgan,1989,-16.955419037307497,0.3502600493179471,0.5708913877104802
Bulgan,1990,-15.855234472302403,0.9517163242092098,1.1848310286239008
Bulgan,1991,-16.980613675324793,0.3364864756730133,0.5568319403147506
Bulgan,1992,-16.859400121716465,0.40275231391376326,0.6244731415670077
Bulgan,1993,-17.856295234569583,-0.14223699070456217,0.06817245613560186
Bulgan,1994,-17.39145596269246,0.11188445925877721,0.32756825638242176
Bulgan,1995,-15.954202314736165,0.897611920514035,1.1296036753429735
Bulgan,1996,-18.028529534823633,-0.23639519282297203,-0.027940021547137192
Bulgan,1997,-15.619337297522483,1.0806781734420672,1.3164695112781306
Bulgan,1998,-15.629902184527833,1.0749024901749098,1.310573952350411
Bulgan,1999,-14.924838654891284,1.460351348108052,1.7040228917146962
Bulgan,2000,-18.80994992463483,-0.6635873310600178,-0.46399863278650627
Bulgan,2001,-20.293205062202766,-1.47446319510271,-1.2917044155314492
Bulgan,2002,-16.135735243645247,0.7983702817338625,1.0283022530785306
Bulgan,2003,-18.6163737753163,-0.5577618237949006,-0.35597669230284823
Bulgan,2004,-17.134754534735176,0.2522197171141188,0.4708162054220707
Bulgan,2005,-20.693653681658294,-1.693383131451713,-1.5151680864943875
Bulgan,2006,-18.242441724694274,-0.35333814309316813,-0.14731015017239793
Bulgan,2007,-13.867862225960971,2.038186309453244,2.2938509531803843
Bulgan,2008,-17.982192020139813,-0.21106308959598238,-0.0020821445774913956
Bulgan,2009,-17.170265164582606,0.2328065278852927,0.4510000908985594
Bulgan,2010,-21.572911934230618,-2.1740619285198233,-2.005823484711063
Bulgan,2011,-19.319154733851313,-0.9419628304532899,-0.7481518809465619
Bulgan,2012,-20.110585442142188,-1.3746274767174187,-1.1897965834003765
Bulgan,2013,-21.143669150532133,-1.939400605393507,-1.766291710797016
Bulgan,2014,-16.701733376323293,0.4889466274632969,0.712456438306154
Bulgan,2015,-15.504994677115157,1.1431877638499073,1.3802765028928952
Bulgan,2016,-17.811784296450387,-0.11790345260137773,0.09301104252814213
Bulgan,2017,-16.311833168803762,0.7020998872465241,0.9300337439789534
Bulgan,2018,-16.847201162144735,0.40942132292819894,0.6312805674273685
Bulgan,2019,-18.696479819477446,-0.6015547331393559,-0.40067853374984225
Bulgan,2020,-16.15247949793717,0.7892164205249437,1.0189584013337118
Bulgan,2021,-16.54722901496332,0.5734121077053255,0.7986750193971001
Bulgan,2022,-16.651776211503602,0.5162575452968344,0.7403342006435232
Bulgan,2023,-17.19643520410508,0.21849971520530317,0.43639633696656105
Bulgan,2024,-18.89313774661739,-0.7090650073676452,-0.5104202089300578
Bulgan,2025,-15.702719337352788,1.0350943208191778,1.2699395551049963
Bulgan,2026,-17.11520199983014,0.26290882799853593,0.4817271713094068
Darkhan-Uul,1970,-19.897472127278622,-0.9761732302181937,-0.8145284425849781
Darkhan-Uul,1971,-20.530485817238112,-1.299276732679986,-1.1737959860485578
Darkhan-Uul,1972,-18.95725719310617,-0.4962677508952371,-0.2809085302738795
Darkhan-Uul,1973,-18.480390647605592,-0.2528650354374526,-0.010262452504345715
Darkhan-Uul,1974,-18.713083224826367,-0.371636221415602,-0.14232735398486004
Darkhan-Uul,1975,-19.227301025390602,-0.6341038031216727,-0.43417217336906705
Darkhan-Uul,1976,-18.862595056604434,-0.44795020525703083,-0.22718294142892254
Darkhan-Uul,1977,-21.71826838740594,-1.9055459408686013,-1.8479231541045291
Darkhan-Uul,1978,-17.888966200086784,0.04901044287500853,0.3254010754329165
Darkhan-Uul,1979,-18.827819146050324,-0.4301998490174208,-0.20744583912820633
Darkhan-Uul,1980,-20.85488541214552,-1.4648571094937601,-1.3579092957787524
Darkhan-Uul,1981,-20.211132925528045,-1.1362722993328531,-0.9925469376906796
Darkhan-Uul,1982,-18.746994470666934,-0.38894523459765706,-0.16157371497542533
Darkhan-Uul,1983,-17.77071284541375,0.10936944249657866,0.392515883396117
Darkhan-Uul,1984,-18.792254864727987,-0.41204709175474785,-0.18726129622117801
Darkhan-Uul,1985,-21.20248458297162,-1.642279037847182,-1.5551895476808275
Darkhan-Uul,1986,-19.606579702871795,-0.8276956180334354,-0.6494321604879923
Darkhan-Uul,1987,-19.41587253146699,-0.7303546663244505,-0.5411961174477921
Darkhan-Uul,1988,-17.905121866861958,0.040764250727097606,0.3162319108360117
Darkhan-Uul,1989,-16.46804628725403,0.7742778546798743,1.1318455720354723
Darkhan-Uul,1990,-19.537458518699342,-0.7924147117044504,-0.6102023643037743
Darkhan-Uul,1991,-18.271908682363982,-0.14645145507082163,0.1080616922919634
Darkhan-Uul,1992,-18.11788872612845,-0.0678364296803006,0.19547587021384882
Darkhan-Uul,1993,-19.319530232747372,-0.681179530548917,-0.4865169508805617
Darkhan-Uul,1994,-16.64522965042677,0.6838397391586508,1.031284979682786
Darkhan-Uul,1995,-16.87342597113713,0.5673635370797825,0.9017719330150518
Darkhan-Uul,1996,-18.019334468135103,-0.01753226336406989,0.25141043644639127
Darkhan-Uul,1997,-17.258218157732905,0.37095751114220366,0.683382748365522
Darkhan-Uul,1998,-16.20967768916375,0.9061546217912687,1.2784829244598148
Darkhan-Uul,1999,-16.67061631944442,0.6708818492969549,1.016876750667585
Darkhan-Uul,2000,-18.621320823386842,-0.32479876154753384,-0.09024751263165563
Darkhan-Uul,2001,-22.098499326352698,-2.0996238100627034,-2.0637235981565283
Darkhan-Uul,2002,-16.698842253508367,0.6564747388331978,1.000857093977746
Darkhan-Uul,2003,-19.24602582013163,-0.6436613322235976,-0.4447994490744311
Darkhan-Uul,2004,-18.322694453486665,-0.17237358090353788,0.07923817785056533
Darkhan-Uul,2005,-21.638762184425612,-1.8649643024967273,-1.8027993302632368
Darkhan-Uul,2006,-18.32223442925345,-0.17213877485853887,0.07949926505740292
Darkhan-Uul,2007,-13.214381917317686,2.435016588195809,2.9784659911243736
Darkhan-Uul,2008,-17.987353176540775,-0.0012083394248572589,0.2695614500028623
Darkhan-Uul,2009,-17.29677881311485,0.35127534153237044,0.6614976104085466
Darkhan-Uul,2010,-21.13266545048464,-1.60664188401749,-1.51556363024299
Darkhan-Uul,2011,-18.511371640805823,-0.2686783860355734,-0.027845745721623738
Darkhan-Uul,2012,-19.976147008825208,-1.0163305446438824,-0.859180449127426
Darkhan-Uul,2013,-22.199490469473357,-2.151171813806498,-2.121041220944212
Darkhan-Uul,2014,-16.837442920826078,0.5857300428428792,0.9221941486742513
Darkhan-Uul,2015,-16.54484772858794,0.735076783545555,1.088256838331685
Darkhan-Uul,2016,-16.467761456524862,0.7744232382753046,1.1320072279964637
Darkhan-Uul,2017,-17.557781530309583,0.21805406462276822,0.5133652610909964
Darkhan-Uul,2018,-17.138479049117453,0.43207487082802853,0.7513407974426993
Darkhan-Uul,2019,-18.28521491156682,-0.1532432343454072,0.10050972879687331
Darkhan-Uul,2020,-15.927698658130764,1.0500826505095278,1.4385204013648483
Darkhan-Uul,2021,-16.882306586371506,0.5628306842651368,0.89673173108845
Darkhan-Uul,2022,-15.356090856481458,1.341843295937583,1.7629369724129484
Darkhan-Uul,2023,-18.080845472547722,-0.048928773867550186,0.21649980528340135
Darkhan-Uul,2024,-20.045574499059583,-1.051767796029858,-0.8985840896189006
Darkhan-Uul,2025,-18.036579160337073,-0.026334316996888957,0.24162319439545893
Darkhan-Uul,2026,-18.923390028211784,-0.4789812375553327,-0.2616871874677541
Dornod,1970,-21.040681012471495,-1.3345943162391198,-1.3156788186256574
Dornod,1971,-19.64117194281682,-0.6773372450747486,-0.5902260941392323
Dornod,1972,-20.26319058736163,-0.9694583619632815,-0.9126571023768071
Dornod,1973,-19.344620429144943,-0.5380665654117498,-0.4365049727770685
Dornod,1974,-18.167887369791643,0.014567312354885441,0.17346906912873755
Dornod,1975,-18.520549752977136,-0.15105494055379873,-0.009337810978812436
Dornod,1976,-16.998593224419466,0.5637076230401136,0.7795870585574011
Dornod,1977,-21.70486145019529,-1.646516045571481,-1.6599649104737098
Dornod,1978,-19.136824968126064,-0.44047874760345357,-0.32879164200940547
Dornod,1979,-19.68846632639565,-0.699548296583844,-0.6147417190566429
Dornod,1980,-19.037501949734136,-0.39383327914386623,-0.27730633486922485
Dornod,1981,-21.00760474734834,-1.3190605768648789,-1.298533330132789
Dornod,1982,-16.64396400451658,0.7302535693841333,0.9634134726473961
Dornod,1983,-18.257959471808515,-0.027733611053803526,0.12677908817385708
Dornod,1984,-20.22119562360973,-0.9497360982940375,-0.8908884968499834
Dornod,1985,-21.194982231987826,-1.407059418334827,-1.3956627519325853
Dornod,1986,-18.471010907491024,-0.1277898133752375,0.01634125834989092
Dornod,1987,-19.781005096435525,-0.7430076512135142,-0.6627103276935385
Dornod,1988,-18.157942835489887,0.01923760398141868,0.1786239406900469
Dornod,1989,-16.121920797559927,0.9754228195628749,1.2340209842370005
Dornod,1990,-18.46535220675996,-0.12513229499987397,0.019274515412252877
Dornod,1991,-17.778193643357994,0.1975807438792045,0.37547160107825484
Dornod,1992,-16.09149180518254,0.989713309594054,1.2497942263704007
Dornod,1993,-17.385662545098175,0.3819267017420157,0.5789449195816491
Dornod,1994,-16.431434800889733,0.8300645137656119,1.0735805970677257
Dornod,1995,-16.44545016818574,0.8234824204730404,1.0663155591983566
Dornod,1996,-16.596883053249762,0.752364385818425,0.9878184623030566
Dornod,1997,-18.14612958696151,0.02478550738344055,0.1847474832349056
Dornod,1998,-15.648049778408451,1.1979687715044547,1.479657850301342
Dornod,1999,-15.710226779513865,1.1687683364901877,1.4474276377001132
Dornod,2000,-18.93915303548175,-0.34764528312775633,-0.22632596658030704
Dornod,2001,-22.810183715820294,-2.165612985169532,-2.232922289900357
Dornod,2002,-16.331322903103278,0.8770804668269722,1.1254748295364088
Dornod,2003,-19.118098004658993,-0.43168392845790415,-0.3190842903650919
Dornod,2004,-17.75594467586939,0.2080296159337454,0.3870046267881921
Dornod,2005,-21.49557902018227,-1.5482298965360481,-1.5514807910549293
Dornod,2006,-19.56364610460067,-0.6409284739775521,-0.5500396232034814
Dornod,2007,-15.33254044850665,1.346142686624175,1.6432059886743393
Dornod,2008,-18.52178785536022,-0.15163639555380687,-0.009979596563826978
Dornod,2009,-18.258636813693553,-0.028051713846553816,0.12642797968405625
Dornod,2010,-21.79389411078557,-1.6883288119238835,-1.7061160841916703
Dornod,2011,-20.09169209798175,-0.8889168368792403,-0.8237587529029874
Dornod,2012,-21.706405639648416,-1.647241249472829,-1.660765360052912
Dornod,2013,-22.82916259765623,-2.174526113751499,-2.2427602265269355
Dornod,2014,-16.744223997327992,0.6831680658607799,0.9114424733026218
Dornod,2015,-15.704977650112554,1.1712335062352615,1.450148588430574
Dornod,2016,-19.298912896050325,-0.5166007528755513,-0.4128119113085741
Dornod,2017,-18.15797233581541,0.01922374962493698,0.17860864883379063
Dornod,2018,-19.080651919047014,-0.4140979727184587,-0.29967365172216764
Dornod,2019,-16.48445220523408,0.8051657370047709,1.0460983740076804
Dornod,2020,-16.794662475585916,0.6594804405265828,0.8852970682712784
Dornod,2021,-17.747407976786274,0.21203874024629088,0.39142972966337064
Dornod,2022,-16.636420355902754,0.7337963234121867,0.9673238156084593
Dornod,2023,-17.259523752000575,0.441165770290527,0.6443305130731309
Dornod,2024,-19.651310454474533,-0.6820986350668548,-0.5954815162467443
Dornod,2025,-16.04132673475475,1.0132725333097372,1.27579790709315
Dornod,2026,-18.393835449218727,-0.09154559261978786,0.05634610553601232
Dornogovi,1970,-14.003787292787155,-0.17215292698885115,-0.011665102756515347
Dornogovi,1971,-15.445555383116734,-1.0927405747122914,-0.9588817700646781
Dornogovi,1972,-15.67756350723341,-1.2408807746972108,-1.1113070897733288
Dornogovi,1973,-13.656104691344067,0.04984692885737752,0.2167563453452188
Dornogovi,1974,-13.840241776918424,-0.06772699138994646,0.09578146894487549
Dornogovi,1975,-14.890238566694125,-0.738163576372081,-0.5940482384585226
Dornogovi,1976,-12.507757721714016,0.7830813808006241,0.9712004177187143
Dornogovi,1977,-17.951440905086937,-2.692781020611906,-2.605205161945129
Dornogovi,1978,-14.041274482560894,-0.19608898444846615,-0.03629353724774637
Dornogovi,1979,-11.977429843308316,1.1217026177237297,1.3196166497974984
Dornogovi,1980,-14.317909810690802,-0.37272423370141555,-0.21803815715469155
Dornogovi,1981,-15.693144034380866,-1.250829143601456,-1.1215432262910572
Dornogovi,1982,-13.40338343839148,0.21121273057390794,0.38278983199630184
Dornogovi,1983,-14.65698101101207,-0.589225598108201,-0.44080206384863946
Dornogovi,1984,-15.00817070582402,-0.8134647786117323,-0.6715276115590926
Dornogovi,1985,-15.479264169561981,-1.114264072582291,-0.9810278590021653
Dornogovi,1986,-15.696856162935424,-1.2531993858873052,-1.12398203046605
Dornogovi,1987,-15.888636010455903,-1.3756533088821465,-1.2499780691103026
Dornogovi,1988,-14.711977495100808,-0.6243415673545015,-0.47693380148495557
Dornogovi,1989,-12.216318173304652,0.9691693169418851,1.1626711539749244
Dornogovi,1990,-14.148800357582159,-0.2647456519244423,-0.10693617504100927
Dornogovi,1991,-13.471397356451833,0.1677849606991267,0.3381058656720286
Dornogovi,1992,-14.172630087694309,-0.279961244041489,-0.12259189504971292
Dornogovi,1993,-13.615360069594368,0.07586289893295492,0.2435248562335817
Dornogovi,1994,-13.499632633790675,0.14975636946969964,0.3195557774291226
Dornogovi,1995,-12.795737179959017,0.5992027571602341,0.7820029007798531
Dornogovi,1996,-14.097178110605086,-0.2317841768900218,-0.07302125275319193
Dornogovi,1997,-13.004284570844106,0.46604253999252154,0.6449908765195363
Dornogovi,1998,-11.930208875186457,1.1518538190563858,1.3506400080972567
Dornogovi,1999,-12.868573335427113,0.552695926081551,0.7341508079885235
Dornogovi,2000,-15.53653382983437,-1.1508314943401325,-1.0186530340250657
Dornogovi,2001,-14.902466914242414,-0.7459715350726033,-0.6020820510314786
Dornogovi,2002,-11.289072079554652,1.561227988535131,1.7718557798433006
Dornogovi,2003,-15.02150090663275,-0.8219762849271381,-0.6802853226426474
Dornogovi,2004,-12.621285233745201,0.7105925901596879,0.8966148083441966
Dornogovi,2005,-15.430016108373879,-1.0828185460040662,-0.9486727356623783
Dornogovi,2006,-14.437807956612467,-0.44928075680715024,-0.29680916267083257
Dornogovi,2007,-11.095808730133392,1.6846291467576024,1.898826453545596
Dornogovi,2008,-14.194360903639268,-0.29383665220738076,-0.13686866479883825
Dornogovi,2009,-12.996423764124964,0.47106176715902753,0.6501552904032958
Dornogovi,2010,-16.419383416103933,-1.7145424193972423,-1.598669923322071
Dornogovi,2011,-14.461323948641295,-0.4642960230839575,-0.3122587621920014
Dornogovi,2012,-17.04825339772591,-2.116084068840268,-2.0118266106960774
Dornogovi,2013,-15.437704978955628,-1.0877279897141736,-0.9537241904814006
Dornogovi,2014,-11.659216359711948,1.3248860591542426,1.5286773978098718
Dornogovi,2015,-11.214253866173292,1.6090003893294025,1.8210100503590545
Dornogovi,2016,-15.193377746888718,-0.9317218793335234,-0.7932054301874736
Dornogovi,2017,-11.4014617766567,1.48946570750152,1.6980176951729429
Dornogovi,2018,-13.753903254472208,-0.012598723661042829,0.15250438301153427
Dornogovi,2019,-14.805954511121667,-0.6843471124203068,-0.5386750735493804
Dornogovi,2020,-12.250392557268743,0.9474123803086453,1.1402848737988476
Dornogovi,2021,-14.487611545070708,-0.48108099476114585,-0.32952925780667275
Dornogovi,2022,-13.078450847989927,0.4186864089503451,0.5962649168205261
Dornogovi,2023,-12.956684203283649,0.4964359927934057,0.6762634936801462
Dornogovi,2024,-15.55081912349015,-1.1599528398407162,-1.0280382245691657
Dornogovi,2025,-12.42771900886265,0.8341871382971762,1.0237844659794684
Dornogovi,2026,-12.86418340481703,0.555498953781437,0.7370349163760564
Dundgovi,1970,-15.363702279550035,-0.24119102268251585,-0.1145896932182161
Dundgovi,1971,-16.80140053077978,-1.1096585623914983,-1.0139986803795353
Dundgovi,1972,-17.6023789770809,-1.5935040285900204,-1.5150824178811504
Dundgovi,1973,-15.411338485906132,-0.2699665316599822,-0.14439040562382544
Dundgovi,1974,-14.77710899070455,0.11315122537801284,0.2523769323201187
Dundgovi,1975,-15.818486493899476,-0.5159116237521112,-0.3990979405191463
Dundgovi,1976,-12.96752824194635,1.206261090006786,1.3844317199190421
Dundgovi,1977,-19.20360307104791,-2.560752300764523,-2.5167914617235034
Dundgovi,1978,-14.823844476393688,0.08491981295274686,0.22313970134191713
Dundgovi,1979,-12.813239806375364,1.2994618001914644,1.4809529513032418
Dundgovi,1980,-15.234423149956575,-0.1630976345061612,-0.033714022047792
Dundgovi,1981,-15.982530758704646,-0.6150055184110599,-0.5017223166229912
Dundgovi,1982,-15.283708850248338,-0.19286955002362824,-0.06454664060529185
Dundgovi,1983,-15.494486829969595,-0.320193787440467,-0.19640713991024
Dundgovi,1984,-16.434334498275923,-0.8879257099750145,-0.784366010079472
Dundgovi,1985,-16.79524596414446,-1.1059407854941696,-1.0101484478713192
Dundgovi,1986,-15.913220026463616,-0.5731371214415928,-0.45836224754660987
Dundgovi,1987,-16.442010724102985,-0.8925626725313623,-0.789168176660974
Dundgovi,1988,-17.408399077992357,-1.4763269745243808,-1.3937306221064463
Dundgovi,1989,-13.554345477068843,0.8517835631615381,1.0173249959323654
Dundgovi,1990,-14.224404229058138,0.44702249782473263,0.5981432497281236
Dundgovi,1991,-14.761438704125652,0.12261714440522817,0.26218009968740075
Dundgovi,1992,-14.424987303180437,0.3258566768736014,0.4726605767237367
Dundgovi,1993,-14.738351967893978,0.1365631035088733,0.276622920378898
Dundgovi,1994,-15.917309796368611,-0.5756076206609728,-0.46092076481880406
Dundgovi,1995,-14.26198210539639,0.4243229043717562,0.5746349233681578
Dundgovi,1996,-15.475941599151213,-0.30899120653143436,-0.1848054374996213
Dundgovi,1997,-13.185387731481459,1.0746591389597056,1.248141102149527
Dundgovi,1998,-13.466062720027947,0.9051123536364875,1.0725537652697719
Dundgovi,1999,-13.060098379629608,1.1503424299850922,1.3265208100992198
Dundgovi,2000,-16.321132744683137,-0.8195441505279067,-0.7135481771603004
Dundgovi,2001,-15.421541341145812,-0.2761297502494409,-0.15077320513646622
Dundgovi,2002,-13.505477377809102,0.8813032192493574,1.047896367652479
Dundgovi,2003,-14.934154632945097,0.018284974812566582,0.15413082128475253
Dundgovi,2004,-13.905979787567492,0.6393725205419794,0.797346249497749
Dundgovi,2005,-17.38606782136138,-1.4628373764892395,-1.3797604215505739
Dundgovi,2006,-15.349775903018882,-0.2327785439494258,-0.1058774977349168
Dundgovi,2007,-11.897857289255379,1.8524151072263844,2.0536066788040204
Dundgovi,2008,-15.697335815429666,-0.4427283729727816,-0.32330734334534056
Dundgovi,2009,-14.174701153790487,0.4770465362185647,0.6292369737046557
Dundgovi,2010,-18.41267508047596,-2.0829779934845,-2.0219951841949033
Dundgovi,2011,-16.25099355438607,-0.7771753085387269,-0.6696698333900133
Dundgovi,2012,-17.984888298128837,-1.8245656777796946,-1.75437624795239
Dundgovi,2013,-17.05544516480997,-1.263118802121046,-1.1729263460363732
Dundgovi,2014,-13.505305311414908,0.8814071590558533,1.0480040105888144
Dundgovi,2015,-12.234206663532,1.649237205805961,1.8431900285843241
Dundgovi,2016,-16.647622567635974,-1.016766212276496,-0.917796795206066
Dundgovi,2017,-12.937552143614946,1.224368692450958,1.4031844534750828
Dundgovi,2018,-15.267209126036821,-0.1829025942458104,-0.054224585731240144
Dundgovi,2019,-16.787654697747854,-1.1013551442129783,-1.0053994310208063
Dundgovi,2020,-13.124433503327523,1.1114796390294723,1.2862734296808696
Dundgovi,2021,-14.880582795319711,0.05064600883372646,0.18764480252372615
Dundgovi,2022,-14.340533371913558,0.37687259613437885,0.5254940727077259
Dundgovi,2023,-14.38924737624178,0.34744602386713413,0.49501910116488534
Dundgovi,2024,-16.88350879056952,-1.1592575365214213,-1.065364748823939
Dundgovi,2025,-13.938101422345174,0.6199688681392991,0.7772512907839519
Dundgovi,2026,-14.41501329210067,0.33188165802389874,0.47890021372372266
Govi-Altai,1970,-13.031218520583787,0.17554021849079837,0.1636935244380064
Govi-Altai,1971,-14.068284118098177,-0.527728942093856,-0.5061411345643105
Govi-Altai,1972,-15.026727310754579,-1.1776815981100932,-1.1251940379339882
Govi-Altai,1973,-12.614867598042547,0.4578818220557175,0.4326121722980241
Govi-Altai,1974,-14.112628553813511,-0.557800399634121,-0.5347829485895985
Govi-Altai,1975,-13.909296224274966,-0.41991388883188513,-0.4034517753764128
Govi-Altai,1976,-13.15453833197803,0.09191289496319126,0.08404197297252977
Govi-Altai,1977,-16.53350854618847,-2.199480775681981,-2.0984153051778347
Govi-Altai,1978,-13.60864678171356,-0.21603336130578477,-0.20926404287421516
Govi-Altai,1979,-9.873212651550825,2.3170905138234,2.2034312126623594
Govi-Altai,1980,-13.041228464326949,0.16875213801582584,0.15722815978807136
Govi-Altai,1981,-13.785121307175116,-0.33570668928367237,-0.32324791609154724
Govi-Altai,1982,-12.733329553270133,0.3775487746440611,0.3560982819763305
Govi-Altai,1983,-12.961840408661619,0.22258785622113414,0.2085044448397557
Govi-Altai,1984,-16.773677215378243,-2.3623472508448313,-2.253538856682529
Govi-Altai,1985,-15.430465132222235,-1.4514698324130788,-1.3859659569112477
Govi-Altai,1986,-12.756707858668205,0.36169515723297363,0.34099837001135713
Govi-Altai,1987,-11.104019548982631,1.4824388431158888,1.4084601708932356
Govi-Altai,1988,-14.605237303262532,-0.8918550077052002,-0.8529560848883986
Govi-Altai,1989,-12.031964617975314,0.8531679934191336,0.8091058288425917
Govi-Altai,1990,-11.037023767453976,1.5278709422533945,1.4517323579008834
Govi-Altai,1991,-11.868116018094883,0.9642792554039695,0.9149346899020706
Govi-Altai,1992,-12.06815987078594,0.8286227716681771,0.7857275248259333
Govi-Altai,1993,-12.648708583965353,0.43493310808783486,0.41075447561978623
Govi-Altai,1994,-12.848707847743626,0.29930686159773023,0.28157611026399737
Govi-Altai,1995,-12.335251792581143,0.6474987308263461,0.6132144005001787
Govi-Altai,1996,-13.809600719249026,-0.3523070042705804,-0.3390590264768548
Govi-Altai,1997,-12.006727768320342,0.8702819523771703,0.8254061637716907
Govi-Altai,1998,-12.157657992391403,0.7679310767491355,0.7279212067775603
Govi-Altai,1999,-10.886941168125789,1.6296470149539761,1.5486698389860973
Govi-Altai,2000,-13.213707660917466,0.05178817730277603,0.04582484633315792
Govi-Altai,2001,-12.60230973338955,0.46639773363779713,0.4407232242968549
Govi-Altai,2002,-12.841774182746361,0.3040088136961207,0.28605452430088235
Govi-Altai,2003,-13.845973061092765,-0.37697231606787934,-0.3625517112736607
Govi-Altai,2004,-13.184196608725204,0.07180061716479189,0.06488586390946349
Govi-Altai,2005,-15.883418723179341,-1.7586329399924805,-1.6785260561661246
Govi-Altai,2006,-14.556901595812032,-0.8590769341807752,-0.821736331581239
Govi-Altai,2007,-10.52225280445062,1.876954494839084,1.7842199394907863
Govi-Altai,2008,-15.233006941700083,-1.3175667734051344,-1.2584288560445063
Govi-Altai,2009,-12.874065718793043,0.28211083395022163,0.26519760831761946
Govi-Altai,2010,-15.046757331185127,-1.191264630551288,-1.1381313120438061
Govi-Altai,2011,-15.625732093345928,-1.5838869448585335,-1.5120877554090448
Govi-Altai,2012,-15.693777188747598,-1.6300306191253597,-1.5560376881658544
Govi-Altai,2013,-14.343276569846363,-0.7142105987716822,-0.6837571653982729
Govi-Altai,2014,-13.201798344276892,0.059864286602927974,0.053517004929498846
Govi-Altai,2015,-12.08190356698634,0.8193027077172074,0.7768505511032585
Govi-Altai,2016,-13.707929685916707,-0.28336044733264987,-0.27339029529360626
Govi-Altai,2017,-10.786315173830637,1.697884895672959,1.6136635855118824
Govi-Altai,2018,-14.600841149158184,-0.888873827330327,-0.8501166344308134
Govi-Altai,2019,-16.03082193060451,-1.858592026671128,-1.7737329335499017
Govi-Altai,2020,-11.45018029911816,1.2476955628849684,1.1848769485948984
Govi-Altai,2021,-12.82856670137198,0.31296525228772093,0.2945851599751273
Govi-Altai,2022,-12.960501276750952,0.22349596673698208,0.20936938237976346
Govi-Altai,2023,-12.912171843017873,0.2562697858420192,0.24058508352920074
Govi-Altai,2024,-13.782583301509534,-0.33398558203812256,-0.32160863294145026
Govi-Altai,2025,-13.35349162654652,-0.04300404452654237,-0.0444608069326949
Govi-Altai,2026,-11.237697069932493,1.3917876073861815,1.3221186348550749
Govisumber,1970,-16.534686787923153,0.1433562058850103,0.34540461437889897
Govisumber,1971,-20.130565388997372,-1.8466423169957378,-1.5972121548385625
Govisumber,1972,-19.123366631401886,-1.2892475152736838,-1.0530888922079842
Govisumber,1973,-17.655755954318554,-0.4770557247367691,-0.2602353428326033
Govisumber,1974,-15.917567952473936,0.4848765148907041,0.6787933439053818
Govisumber,1975,-17.669774542914475,-0.4848137648970851,-0.2678086644900865
Govisumber,1976,-15.147404734293596,0.9110932581639919,1.0948618903309106
Govisumber,1977,-22.243839857313347,-3.016151507081877,-2.7388753964405823
Govisumber,1978,-16.99622149997285,-0.11206214860635512,0.096067756639638
Govisumber,1979,-16.405459255642338,0.21487213478136477,0.41521775300329744
Govisumber,1980,-17.117376708984352,-0.17911076557027908,0.030615563500114594
Govisumber,1981,-18.362106068929013,-0.8679575989801169,-0.6418298652870145
Govisumber,1982,-16.45902947319876,0.18522579083197896,0.38627728684722445
Govisumber,1983,-16.720986005994988,0.04025618224515861,0.24475939654247614
Govisumber,1984,-19.205249108208527,-1.3345621729616142,-1.0973246104277599
Govisumber,1985,-19.787318929036434,-1.6566859741697435,-1.4117786619237986
Govisumber,1986,-19.00744264390731,-1.225093913477523,-0.9904627840868026
Govisumber,1987,-19.358635118272545,-1.419447667529418,-1.1801889861118293
Govisumber,1988,-19.90197347005206,-1.7201370504086642,-1.4737189715820131
Govisumber,1989,-15.35065985785588,0.7986096510878081,0.9850565116555834
Govisumber,1990,-16.506063842773415,0.15919645659632747,0.3608677096056574
Govisumber,1991,-17.7277278476291,-0.5168857571895146,-0.2991170244376583
Govisumber,1992,-15.974659983317034,0.45328116097300336,0.6479502735994627
Govisumber,1993,-15.878346082899283,0.5065823262311829,0.699982341090387
Govisumber,1994,-17.46447516547307,-0.3711988453793104,-0.15689890985920452
Govisumber,1995,-15.330294460720463,0.8098800844681937,0.9960585966467779
Govisumber,1996,-16.600846354166645,0.10674277876329123,0.3096629509116266
Govisumber,1997,-16.264040798611088,0.29313465468851374,0.49161684668340555
Govisumber,1998,-15.077425808376713,0.9498203606767903,1.1326669026962763
Govisumber,1999,-17.245377604166645,-0.24994786008845377,-0.03853490375472709
Govisumber,2000,-17.864611477322025,-0.5926386540793317,-0.37306624908428315
Govisumber,2001,-20.838444349500847,-2.2383902712674564,-1.9796326122031334
Govisumber,2002,-14.794943237304665,1.1061493032069971,1.285273661837781
Govisumber,2003,-16.607697550455708,0.10295125184936052,0.30596170004171197
Govisumber,2004,-15.725272878011046,0.5912947109955669,0.7826777287057856
Govisumber,2005,-18.855971611870636,-1.1412681886818756,-0.9086329451158162
Govisumber,2006,-16.709821234809006,0.04643488865692897,0.2507909882997409
Govisumber,2007,-13.309671359591992,1.9281149952193926,2.0876683966405074
Govisumber,2008,-16.842062377929665,-0.026748805418715736,0.1793497938918054
Govisumber,2009,-16.346890513102192,0.24728471709353048,0.4468585935412618
Govisumber,2010,-20.080781046549458,-1.8190911177132196,-1.5703169480718793
Govisumber,2011,-17.016344875759525,-0.12319864472691201,0.08519641986959788
Govisumber,2012,-19.979113430447025,-1.7628271476759088,-1.5153926200181047
Govisumber,2013,-19.645815700954838,-1.5783765410367359,-1.335333772019119
Govisumber,2014,-15.079426405164908,0.948713208546516,1.1315861117963752
Govisumber,2015,-13.834889051649283,1.6374537834997835,1.8039278121348492
Govisumber,2016,-18.46919013129338,-0.9272190895836937,-0.6996803431098214
Govisumber,2017,-14.850046115451367,1.0756547681340787,1.2555051999414446
Govisumber,2018,-16.953910997178795,-0.0886470538817001,0.11892533926692721
Govisumber,2019,-17.684357706705708,-0.4928842471416226,-0.27568698900321975
Govisumber,2020,-14.839269595675976,1.081618611971414,1.2613270449901688
Govisumber,2021,-16.99840901692706,-0.11327274439964777,0.09488598506455662
Govisumber,2022,-15.613812934027756,0.6529778623179882,0.8428922076410016
Govisumber,2023,-16.595114135742165,0.10991505109588277,0.3127596916171905
Govisumber,2024,-18.82168807983396,-1.1222953073138182,-0.8901118069932576
Govisumber,2025,-15.485561116536436,0.7239538199847052,0.9121782317205761
Govisumber,2026,-15.912919108072893,0.4874492361968166,0.6813048088609147
Khentii,1970,-19.96226836578753,-0.44434642689248005,-0.3464751660977192
Khentii,1971,-21.43332036658176,-1.2238811354879857,-1.1996396105113025
Khentii,1972,-20.452672985736807,-0.7042199203513451,-0.6308946053092395
Khentii,1973,-19.33972388802699,-0.11444984417698906,0.014581284119235628
Khentii,1974,-18.32199417307405,0.42486191118345434,0.6048328906921002
Khentii,1975,-19.302635051228304,-0.09479585807017459,0.03609165684855752
Khentii,1976,-17.738430316136334,0.7341020202477181,0.9432817922369179
Khentii,1977,-22.818599768529943,-1.9579635298139524,-2.003058613158797
Khentii,1978,-18.79434334799205,0.17455629572850695,0.33088504848764155
Khentii,1979,-20.208694960195785,-0.5749319421281803,-0.4893949326277532
Khentii,1980,-20.25055323089726,-0.5971133298941933,-0.5136714288004623
Khentii,1981,-19.841756236402272,-0.3804850626362606,-0.27658187622315333
Khentii,1982,-17.85649722457433,0.6715364188860438,0.87480665452136
Khentii,1983,-19.573214103602133,-0.23818015898571052,-0.12083578471287976
Khentii,1984,-20.758698011953598,-0.8663876272074176,-0.8083796101411124
Khentii,1985,-21.982546958440444,-1.5149253616651064,-1.518173965413298
Khentii,1986,-19.471039513696574,-0.18403615923254593,-0.06157769785877995
Khentii,1987,-20.646919527335488,-0.8071543653057439,-0.7435515628150396
Khentii,1988,-20.210433271062,-0.5758531017158852,-0.4904030989084778
Khentii,1989,-16.97367606505058,1.1393579064743378,1.3868154915135145
Khentii,1990,-19.021863224335338,0.053989762112297605,0.19893059086910378
Khentii,1991,-20.881045622362848,-0.9312216431200011,-0.8793374219681451
Khentii,1992,-17.10031306914637,1.0722508701276132,1.3133699646502537
Khentii,1993,-18.97302933705002,0.07986764411374556,0.2272527278784281
Khentii,1994,-18.61179669215204,0.27129077832225407,0.4367564358520676
Khentii,1995,-18.4574179218791,0.3530986339473957,0.5262913249641148
Khentii,1996,-18.021872463306774,0.5839013533243873,0.7788941554412777
Khentii,1997,-18.88327511171749,0.1274298879039252,0.27930738926922427
Khentii,1998,-17.093272007165556,1.0759820449579072,1.3174535617832577
Khentii,1999,-18.404244132383944,0.3812763016822172,0.5571304703835187
Khentii,2000,-19.831256579950367,-0.3749211215735585,-0.2704924017800425
Khentii,2001,-23.682735510717443,-2.4158833066875096,-2.5042304887847244
Khentii,2002,-17.65706662206205,0.7772179831886656,0.9904702062514087
Khentii,2003,-20.797573028435664,-0.8869881393773691,-0.8309259115774885
Khentii,2004,-19.18722101525413,-0.033636057565241566,0.10302821097871137
Khentii,2005,-21.82676882200601,-1.432375958839506,-1.427827487415843
Khentii,2006,-18.879391492368782,0.12948788182640888,0.28155976779980413
Khentii,2007,-15.768621922746467,1.7779359643238666,2.08570944444794
Khentii,2008,-18.929446179353715,0.10296307793669482,0.2525296049036326
Khentii,2009,-18.43141575422969,0.36687761128503565,0.5413717741285083
Khentii,2010,-22.752905305629017,-1.9231509508118765,-1.9649578662704095
Khentii,2011,-19.124224814885757,-0.00025333236567606,0.13956404945242476
Khentii,2012,-22.74327427344984,-1.9180473080723832,-1.9593721669111466
Khentii,2013,-22.36757652186138,-1.7189588753409957,-1.7414791465907624
Khentii,2014,-17.905813566441253,0.645402876247529,0.846204708848
Khentii,2015,-15.592371867377022,1.871333774515609,2.187928999219593
Khentii,2016,-18.447533381337333,0.35833661494783997,0.5320240512953701
Khentii,2017,-18.950483252931726,0.09181518580746824,0.24032875599986767
Khentii,2018,-18.68227208133486,0.2339447076598139,0.39588290029755985
Khentii,2019,-18.74353863036077,0.20147855322354746,0.36035020584990873
Khentii,2020,-19.001520940724284,0.06476947358296524,0.21072848318409892
Khentii,2021,-19.480983705158454,-0.18930575023902926,-0.06734501986992343
Khentii,2022,-17.265222013449346,0.984862901671973,1.2177279018481795
Khentii,2023,-18.771054025641956,0.18689769161510125,0.34439213168582905
Khentii,2024,-20.718150838216122,-0.8449010113388083,-0.784863509462416
Khentii,2025,-17.069524567036666,1.0885662050085165,1.331226339056169
Khentii,2026,-19.803233009048633,-0.36007096932544336,-0.2542396015486747
Khovd,1970,-16.99416626192997,0.1727730344606554,0.2067536607971236
Khovd,1971,-18.846730160544084,-1.0016982464676625,-0.9308628759426627
Khovd,1972,-19.022747074064046,-1.1132878170306482,-1.0389507814211207
Khovd,1973,-16.31521964287361,0.6032053158851187,0.6236790375573485
Khovd,1974,-17.436718923149357,-0.10779239774354646,-0.0650076674669141
Khovd,1975,-17.89637273693759,-0.3991994600679872,-0.34727041701751676
Khovd,1976,-17.016513804622836,0.15860534658131908,0.19303055297778088
Khovd,1977,-20.760150528855895,-2.2147507477102155,-2.105849959710541
Khovd,1978,-18.171248026097054,-0.5734623468683647,-0.5160649588537616
Khovd,1979,-14.006072572387962,2.067136962050735,2.041672713842352
Khovd,1980,-17.656192867919323,-0.246932453985172,-0.19978152824473075
Khovd,1981,-18.409778502985073,-0.7246836866238736,-0.6625409941620376
Khovd,1982,-17.11184678675151,0.09816702662963417,0.1344887790354998
Khovd,1983,-16.77027147081161,0.3147157778740796,0.34424226081609605
Khovd,1984,-20.608097525522194,-2.1183535947008507,-2.012477735852151
Khovd,1985,-19.773421959843173,-1.5891937198290782,-1.4999228236899134
Khovd,1986,-17.079660950428465,0.11857190467046955,0.15425335486324165
Khovd,1987,-15.680537201721314,1.0055754042801741,1.0134228089723962
Khovd,1988,-19.020798097434596,-1.1120522229006957,-1.0377539600617927
Khovd,1989,-16.28802101369725,0.620448450587329,0.6403810851093
Khovd,1990,-14.648649254476467,1.659762155993179,1.6470812721036212
Khovd,1991,-15.954568459801617,0.8318476084763486,0.845146567052227
Khovd,1992,-16.33002279655869,0.5938205497870099,0.6145887641040847
Khovd,1993,-16.249027340575573,0.6451692978701551,0.6643261956691198
Khovd,1994,-17.547205145364654,-0.17783742832370872,-0.1328546948045711
Khovd,1995,-15.72463329847257,0.9776197697813428,0.9863444183660407
Khovd,1996,-17.145527804038746,0.0768142476264907,0.11380604724479483
Khovd,1997,-16.21386218059709,0.6674629798936872,0.6859203050753051
Khovd,1998,-16.620061173675733,0.40994470909624925,0.4364829215232419
Khovd,1999,-14.97492058215128,1.45291568530945,1.4467256146795606
Khovd,2000,-17.290054472794747,-0.014811429581807258,0.025055570945576307
Khovd,2001,-17.423667680456262,-0.09951829193001288,-0.056993201934159105
Khovd,2002,-16.556036088370803,0.4505347389494054,0.4757992419284663
Khovd,2003,-17.127827103707222,0.08803597347748307,0.12467563691135426
Khovd,2004,-16.983902597990983,0.17927989694591492,0.21305633884955932
Khovd,2005,-20.352705257046,-1.9564423726799458,-1.8556472652857356
Khovd,2006,-18.286621064891747,-0.6466054761062627,-0.5869128669474859
Khovd,2007,-13.626356416165667,2.307865889523196,2.2748476013098804
Khovd,2008,-18.836861042717086,-0.9954415146677079,-0.9248024795096839
Khovd,2009,-17.523637170092695,-0.1628960219154052,-0.11838214763526034
Khovd,2010,-20.12491007775559,-1.812026897342956,-1.7157635273243954
Khovd,2011,-19.567662888835766,-1.4587484920723073,-1.3735709488977126
Khovd,2012,-19.68371366315979,-1.5323212857961956,-1.4448350386660762
Khovd,2013,-18.58331350051481,-0.8346997951031063,-0.7691048125764038
Khovd,2014,-17.9065279841141,-0.40563758949956114,-0.35350651884985834
Khovd,2015,-16.20580045370907,0.6725738787467577,0.6908708246386799
Khovd,2016,-17.42631949927506,-0.1011994674334507,-0.05862162238592273
Khovd,2017,-14.799313671932694,1.5642453257815416,1.5545617466369468
Khovd,2018,-18.52762476422824,-0.799394766494541,-0.7349076508174298
Khovd,2019,-19.745860871299197,-1.571720796498208,-1.4829981982442635
Khovd,2020,-15.630328643293787,1.0374061605493947,1.0442547205711006
Khovd,2021,-15.812080985716308,0.922180495957533,0.932644821184779
Khovd,2022,-16.927916297281303,0.2147735726880182,0.24743622802146056
Khovd,2023,-17.140467369133678,0.08002241522030841,0.11691354298915646
Khovd,2024,-16.90605020004523,0.2286360382412805,0.2608636913485433
Khovd,2025,-17.342353124595963,-0.04796724386586433,-0.007059818533171314
Khovd,2026,-15.247862730634951,1.2798783531079776,1.279118169710674
Khuvsgul,1970,-22.303207056730674,-0.48092152954388606,-0.439327268507088
Khuvsgul,1971,-23.67320229737116,-1.2730119833190119,-1.288064377206635
Khuvsgul,1972,-23.818422563176302,-1.3569740167821092,-1.3780309879420232
Khuvsgul,1973,-21.99496393790135,-0.3027045367954776,-0.24836501864596938
Khuvsgul,1974,-22.443325479748157,-0.5619338294247866,-0.5261331943231522
Khuvsgul,1975,-21.71063968695481,-0.13831672122450558,-0.0722209449127548
Khuvsgul,1976,-21.598138314157605,-0.07327177742776503,-0.0025242868221838576
Khuvsgul,1977,-24.65994502687915,-1.8435172472715282,-1.8993695455964026
Khuvsgul,1978,-19.873343636225705,0.9239531461225484,1.066017562537747
Khuvsgul,1979,-20.215735431164962,0.7259924056928774,0.8538995832494872
Khuvsgul,1980,-20.909450375455076,0.3249070816617852,0.42413048726109637
Khuvsgul,1981,-22.64212918080942,-0.6768762095984366,-0.6492957232372096
Khuvsgul,1982,-21.760853818627986,-0.16734903693119013,-0.10332951789745005
Khuvsgul,1983,-21.100910944768888,0.21421028160799732,0.30551716276998103
Khuvsgul,1984,-23.303716843490825,-1.0593864960577877,-1.0591613806631395
Khuvsgul,1985,-23.89705579442883,-1.4024374096297374,-1.4267457128995877
Khuvsgul,1986,-22.541643388371615,-0.6187783165774337,-0.5870429369434604
Khuvsgul,1987,-20.591828335758915,0.50854668717917,0.6209031501390657
Khuvsgul,1988,-22.660682905376127,-0.6876034206684485,-0.660790094952686
Khuvsgul,1989,-20.27594920531829,0.6911785944636313,0.8165960488555344
Khuvsgul,1990,-20.118927599465554,0.7819638113336161,0.9138738055961396
Khuvsgul,1991,-20.7873218672175,0.39551814850283196,0.49979133183665114
Khuvsgul,1992,-20.341513407191776,0.6532713252463355,0.775977826629974
Khuvsgul,1993,-21.663748243017082,-0.11120548462674817,-0.04317083775190951
Khuvsgul,1994,-20.959188126746096,0.29615019490687994,0.3933170406361131
Khuvsgul,1995,-20.763243794364044,0.4094393732536626,0.5147081383557346
Khuvsgul,1996,-21.232803053377495,0.1379541917632553,0.22380758918896473
Khuvsgul,1997,-19.076315036020596,1.3847713496318332,1.5597913579654432
Khuvsgul,1998,-19.679207075298002,1.0361971248444568,1.1862887127773787
Khuvsgul,1999,-19.32014942354367,1.2437935674252056,1.408731495180003
Khuvsgul,2000,-22.129013930632436,-0.38020825098449784,-0.33141144090841984
Khuvsgul,2001,-23.07675462741294,-0.9281637009779339,-0.9185541366788973
Khuvsgul,2002,-19.9329956746024,0.8894641137925405,1.0290620337315304
Khuvsgul,2003,-21.832482327458134,-0.20876250785389425,-0.1477046891984382
Khuvsgul,2004,-19.681313109166393,1.034979478773147,1.18498398627669
Khuvsgul,2005,-24.556313059785197,-1.7836003297480172,-1.835167646559842
Khuvsgul,2006,-22.332111721594334,-0.49763334607353377,-0.4572342370545429
Khuvsgul,2007,-17.687020760446668,2.1880199307379025,2.4204845717843364
Khuvsgul,2008,-22.32607077194261,-0.4941406488663311,-0.453491758256729
Khuvsgul,2009,-21.529167328374648,-0.03339480719785378,0.04020450034514814
Khuvsgul,2010,-25.246283107127937,-2.182520465875975,-2.262616710395416
Khuvsgul,2011,-23.37233245750845,-1.0990580009148918,-1.101670008522121
Khuvsgul,2012,-23.987936080389403,-1.4549816848288757,-1.4830477122466104
Khuvsgul,2013,-24.432980909625282,-1.7122933529883335,-1.7587611237988676
Khuvsgul,2014,-21.160026925590024,0.18003118179442099,0.2688937314238892
Khuvsgul,2015,-20.08162057623506,0.8035336212738503,0.9369861888304292
Khuvsgul,2016,-21.516732501674987,-0.02620536067208012,0.047908102917749634
Khuvsgul,2017,-20.65186184386217,0.473837100412292,0.5837112938601872
Khuvsgul,2018,-21.689067438119416,-0.12584428930496933,-0.058856542204217085
Khuvsgul,2019,-23.611843990585157,-1.2375364374023152,-1.2500517839133152
Khuvsgul,2020,-20.030593457268257,0.8330359820253791,0.9685984223130111
Khuvsgul,2021,-20.373363067725695,0.6348567999133125,0.7562463794010169
Khuvsgul,2022,-20.285381902305804,0.685724889942972,0.8107523205483629
Khuvsgul,2023,-21.523580142518057,-0.03016446270526709,0.04366586417256766
Khuvsgul,2024,-22.47344336648587,-0.579347094715891,-0.5447917760113313
Khuvsgul,2025,-19.702789188125735,1.0225626494122926,1.1716791625653074
Khuvsgul,2026,-19.72098981246205,1.0120395903812236,1.1604035429007384
Orkhon,1970,-19.794933064778622,-1.4500283782156085,-1.1597542455868632
Orkhon,1971,-20.774120076497372,-1.9874311494859283,-1.6987911806428408
Orkhon,1972,-19.542474704318554,-1.31147280004933,-1.0207773400284597
Orkhon,1973,-18.487624443901886,-0.7325441108011935,-0.44008821270849946
Orkhon,1974,-17.861303710937477,-0.38880334057965343,-0.09530217672284295
Orkhon,1975,-17.536257595486088,-0.21040975371250853,0.08363387913560026
Orkhon,1976,-18.023330010308136,-0.47772750037587886,-0.18449674197541827
Orkhon,1977,-21.549720933702233,-2.41310065395567,-2.1257550842598354
Orkhon,1978,-16.896124267578102,0.14091172041163252,0.43602367084355376
Orkhon,1979,-18.119268798828102,-0.5303811510124906,-0.2373105047172386
Orkhon,1980,-19.67266608344182,-1.3829251447996331,-1.0924469609828196
Orkhon,1981,-19.644437323676193,-1.3674324824726043,-1.076907187719503
Orkhon,1982,-18.208654785156227,-0.5794384569107256,-0.28651698675859494
Orkhon,1983,-18.55116712782116,-0.7674179541258022,-0.47506810232626934
Orkhon,1984,-19.792757839626713,-1.4488345592507093,-1.1585567963918586
Orkhon,1985,-19.980624050564213,-1.551940320640103,-1.261976087428591
Orkhon,1986,-19.476733059353275,-1.2753921108966049,-0.9845869347396683
Orkhon,1987,-17.917174614800324,-0.419466715614182,-0.12605879462790787
Orkhon,1988,-18.336979505750847,-0.6498663319179626,-0.357159022706174
Orkhon,1989,-16.374151611328102,0.42738360845649787,0.7233666782984388
Orkhon,1990,-16.234579467773415,0.5039843556485694,0.8002003572387403
Orkhon,1991,-16.122315470377583,0.5655976967084209,0.8620010555212488
Orkhon,1992,-16.833600531684006,0.17522633910809862,0.4704426353122977
Orkhon,1993,-17.705814954969597,-0.30346715110973616,-0.00970649229329205
Orkhon,1994,-17.06565789116751,0.047867349877624324,0.3426963658906802
Orkhon,1995,-15.904241943359352,0.6852820025230809,0.9820493039293041
Orkhon,1996,-18.316719224717858,-0.6387469736712345,-0.3460058521057738
Orkhon,1997,-16.292795138888867,0.4720341126261555,0.7681529581671181
Orkhon,1998,-15.077154541015602,1.1392086342929557,1.4373562606670436
Orkhon,1999,-14.012413194444422,1.7235658035420458,2.023490375207315
Orkhon,2000,-17.395481703016472,-0.13314835845724346,0.16113021507391598
Orkhon,2001,-20.127289835611958,-1.6324342389538744,-1.3427147760586062
Orkhon,2002,-15.366015285915775,0.9806745004015335,1.2783400474968272
Orkhon,2003,-19.44401482476126,-1.257435510440929,-0.966575730869669
Orkhon,2004,-16.915648735894074,0.13019619492466217,0.42527556099968905
Orkhon,2005,-19.870240275065083,-1.4913588932451571,-1.2012104407105884
Orkhon,2006,-17.634083387586784,-0.2640990399749457,0.029781331550411606
Orkhon,2007,-13.393709988064213,2.0631258811608633,2.3640830057111653
Orkhon,2008,-16.920078870985222,0.1277648239540587,0.4228367965830483
Orkhon,2009,-17.238980780707443,-0.04725666632010346,0.24728309137363036
Orkhon,2010,-20.68662957085501,-1.9394141316646676,-1.65062815004343
Orkhon,2011,-18.620674302842858,-0.8055652620790256,-0.5133314107032162
Orkhon,2012,-19.189182874891472,-1.1175772459528588,-0.8262921777095454
Orkhon,2013,-20.172291395399284,-1.6571322411248253,-1.3674878812675082
Orkhon,2014,-16.299532741970463,0.46833634445272576,0.7644439456176639
Orkhon,2015,-13.777488878038172,1.8524982517511999,2.152814888267868
Orkhon,2016,-17.01796400282116,0.07404297053357779,0.36895158280781776
Orkhon,2017,-17.395237562391472,-0.13301436786414483,0.16126461311295007
Orkhon,2018,-17.31751776801213,-0.09035976523751815,0.20404892219185142
Orkhon,2019,-18.232697550455708,-0.5926337388602514,-0.29975239364430695
Orkhon,2020,-15.34740295410154,0.9908894221448439,1.2885860313337452
Orkhon,2021,-16.66637776692706,0.2670024514588206,0.5624978254929265
Orkhon,2022,-15.390885416666643,0.9670251392198408,1.2646491805899447
Orkhon,2023,-16.544604153103275,0.3338349122179099,0.6295335140597561
Orkhon,2024,-17.872469753689213,-0.39493154923345575,-0.10144902036922133
Orkhon,2025,-15.133727349175324,1.1081600363032686,1.4062132483997556
Orkhon,2026,-18.15038655598956,-0.5474593686911858,-0.25444065477579136
Selenge,1970,-20.751947182103184,-0.9512673554746516,-0.8173175417197787
Selenge,1971,-21.49928626344913,-1.3696488231833293,-1.2831876326978169
Selenge,1972,-20.371229887845203,-0.73813109065245,-0.5799891255563326
Selenge,1973,-19.45552352102177,-0.22549287420619468,-0.009163620682559305
Selenge,1974,-19.550097227933094,-0.27843789915116135,-0.0681182003942996
Selenge,1975,-20.026285753752035,-0.5450216484973789,-0.364960687805013
Selenge,1976,-19.716825063605036,-0.37177683770993347,-0.17205162755184955
Selenge,1977,-22.810440277634985,-2.1036697710230308,-2.100524040122001
Selenge,1978,-19.034633917557546,0.010132980825428024,0.2532070792471866
Selenge,1979,-19.718586516798567,-0.37276294882174943,-0.1731496677587739
Selenge,1980,-21.40284643340527,-1.3156590899464988,-1.223069764493301
Selenge,1981,-20.76607360839842,-0.9591757268075606,-0.8261235571786559
Selenge,1982,-19.540765675327215,-0.27321383316465225,-0.06230117386647809
Selenge,1983,-18.91843964426139,0.07518180780960851,0.3256393098407175
Selenge,1984,-19.728435596666817,-0.37827674114669657,-0.1792893061756594
Selenge,1985,-21.872331264562753,-1.5784899222012136,-1.5157333578520704
Selenge,1986,-20.58113387258427,-0.8556412535826005,-0.7108373454713514
Selenge,1987,-19.937748102556174,-0.4954557775568547,-0.30976881486922053
Selenge,1988,-18.81353018242014,0.13391307948701117,0.39103690746724346
Selenge,1989,-17.782707696211943,0.7109965419899638,1.0336225522151878
Selenge,1990,-19.623860489694675,-0.31973265074264656,-0.11410013593795584
Selenge,1991,-19.469219957318202,-0.2331605250264343,-0.017701592511895112
Selenge,1992,-18.779155744586053,0.15315685799620626,0.4124649618548781
Selenge,1993,-20.097405229535,-0.5848363342316778,-0.4092945617858158
Selenge,1994,-17.87965414482248,0.6567231894098046,0.973188872294624
Selenge,1995,-18.062642094126897,0.5542813812481047,0.85911934921174
Selenge,1996,-19.533955302991345,-0.26940119490626974,-0.05805577996309469
Selenge,1997,-18.151071796082594,0.5047759433327829,0.8039947687855878
Selenge,1998,-17.899485417416198,0.645621084433109,0.9608266166625407
Selenge,1999,-17.510368695175416,0.8634595856230769,1.2033909991713623
Selenge,2000,-19.751924160070566,-0.3914263005321501,-0.19393141367810726
Selenge,2001,-22.909070948550553,-2.158885998688295,-2.162007616693304
Selenge,2002,-17.744076323927473,0.732623472307683,1.057704259394692
Selenge,2003,-20.17944062885483,-0.6307620614259323,-0.46043311441673135
Selenge,2004,-19.04735332288238,0.00301229946269037,0.24527816095056149
Selenge,2005,-22.437379013864597,-1.8948195677118267,-1.8679681772865053
Selenge,2006,-19.25709314179,-0.1144059588110298,0.11453227738157411
Selenge,2007,-14.960534493964992,2.290928591519176,2.792885675613869
Selenge,2008,-18.651641256767387,0.22454305992159132,0.49195389468856815
Selenge,2009,-18.59907820852177,0.25396933484974965,0.5247202154651649
Selenge,2010,-22.402087241724896,-1.8750622396201981,-1.845968282582902
Selenge,2011,-19.4174322295607,-0.20416829634563302,0.014581415354470873
Selenge,2012,-20.663026722690496,-0.901487177711957,-0.7618870369457058
Selenge,2013,-22.80962406626917,-2.1032128329105806,-2.1000152369926837
Selenge,2014,-18.48290053250495,0.3190088702094707,0.597142099783188
Selenge,2015,-17.01142670480826,1.1427813653102128,1.5144173542048567
Selenge,2016,-17.915901799787534,0.6364307311886129,0.9505931072158103
Selenge,2017,-18.615013336717016,0.24504840124830385,0.5147867062892555
Selenge,2018,-18.15488515485795,0.5026411176811385,0.8016176285503843
Selenge,2019,-19.660620384885533,-0.34031187547028957,-0.13701521711645634
Selenge,2020,-17.26468438934859,1.001000580106721,1.3565436614157662
Selenge,2021,-18.409893049273553,0.35988051569207735,0.6426529043216491
Selenge,2022,-16.75725054824559,1.285076337022009,1.672863596530415
Selenge,2023,-19.003180199338658,0.02774165822740888,0.27281443945888656
Selenge,2024,-20.720968360231613,-0.9339245384240953,-0.7980062184878807
Selenge,2025,-18.23186360409383,0.45954641358076853,0.7536314358782691
Selenge,2026,-19.782899234169385,-0.40876701947395816,-0.21324040065424607
Sukhbaatar,1970,-19.140658815445416,-0.8676769369530213,-0.744161763974355
Sukhbaatar,1971,-19.67882877472906,-1.1579486446500569,-1.0457737890697785
Sukhbaatar,1972,-19.281134755124306,-0.943445177445698,-0.8228901134722164
Sukhbaatar,1973,-17.52632689117101,0.003042203655867045,0.16057457899192712
Sukhbaatar,1974,-17.52701704784104,0.002669955164973276,0.1601877875196615
Sukhbaatar,1975,-17.95994758195772,-0.2308389638752403,-0.08244384374862199
Sukhbaatar,1976,-15.401446730090703,1.14913477602714,1.3514426261820909
Sukhbaatar,1977,-22.18481277958037,-2.5095964726297337,-2.450227712075876
Sukhbaatar,1978,-18.197204228883123,-0.3588076304228502,-0.21541198236745768
Sukhbaatar,1979,-17.414704156691005,0.0632479457200516,0.2231324353204682
Sukhbaatar,1980,-19.113317838279126,-0.8529300860832167,-0.7288387840328712
Sukhbaatar,1981,-19.374493769163703,-0.9938000513412966,-0.8752122485144916
Sukhbaatar,1982,-16.839414469401017,0.3735408505348041,0.5455478444432869
Sukhbaatar,1983,-18.261659158686133,-0.39357256336023705,-0.2515351095876133
Sukhbaatar,1984,-18.630597186344904,-0.5925659658634874,-0.45830277422090676
Sukhbaatar,1985,-20.044802758001488,-1.3553433361682896,-1.2508802843746551
Sukhbaatar,1986,-19.51553987892723,-1.0698758233884387,-0.9542601441908592
Sukhbaatar,1987,-19.65466413600468,-1.14491500940638,-1.0322309565581669
Sukhbaatar,1988,-18.13064263456609,-0.32290642985201085,-0.17810819587914606
Sukhbaatar,1989,-14.946077441143709,1.394746443596572,1.6066498354220593
Sukhbaatar,1990,-17.82728780110675,-0.15928651010843548,-0.008095983075691957
Sukhbaatar,1991,-18.203951862294165,-0.3624470886262471,-0.21919362670229725
Sukhbaatar,1992,-16.98270631195394,0.29625380186293676,0.4652413500607876
Sukhbaatar,1993,-16.74515197097612,0.4243830350855825,0.5983763283637408
Sukhbaatar,1994,-17.922085702547438,-0.21041747396586097,-0.06122452831515796
Sukhbaatar,1995,-17.07574311943462,0.2460727159062908,0.41309979249408
Sukhbaatar,1996,-16.819014781008462,0.3845437916764396,0.5569806478193505
Sukhbaatar,1997,-18.232243265131444,-0.3777065687831349,-0.23504926330063236
Sukhbaatar,1998,-14.769455448273666,1.4900107120731778,1.705635882537793
Sukhbaatar,1999,-16.37490339381718,0.624083306180944,0.8058784774882527
Sukhbaatar,2000,-18.32542261923511,-0.4279645398407915,-0.2872707097107945
Sukhbaatar,2001,-21.46886366977484,-2.1234363625335626,-2.0489811223161145
Sukhbaatar,2002,-14.997830889301891,1.3668322846641743,1.5776451278284989
Sukhbaatar,2003,-17.708843600365398,-0.09540148675676617,0.05828489647760036
Sukhbaatar,2004,-16.556852837019047,0.5259455809481345,0.7039067135827614
Sukhbaatar,2005,-19.86237658428887,-1.256948477706321,-1.1486413415746675
Sukhbaatar,2006,-17.83372356455811,-0.16275775560464867,-0.011702842979547918
Sukhbaatar,2007,-14.899513162592383,1.4198617299844731,1.63274632428901
Sukhbaatar,2008,-17.041728456558698,0.2644191399483824,0.4321629735133272
Sukhbaatar,2009,-17.182216947822138,0.18864412953141146,0.3534275896041816
Sukhbaatar,2010,-19.981485674458142,-1.3211921212045494,-1.2153948518245645
Sukhbaatar,2011,-19.25685401834465,-0.9303489226146883,-0.8092822149550475
Sukhbaatar,2012,-20.35843358193672,-1.5245057973567375,-1.4266515742946022
Sukhbaatar,2013,-20.84823798723116,-1.7886906681577734,-1.701157603538895
Sukhbaatar,2014,-15.372943738711754,1.1645083802934468,1.3674168454836015
Sukhbaatar,2015,-14.441822831348682,1.6667252937243993,1.8892543387028191
Sukhbaatar,2016,-19.426903574953773,-1.0220682286416494,-0.9045848052440464
Sukhbaatar,2017,-15.798800856067265,0.9348146366027662,1.1287494406030576
Sukhbaatar,2018,-18.246771666824152,-0.3855427251807612,-0.24319156217916915
Sukhbaatar,2019,-16.523813358429916,0.5437660216956125,0.7224233622240742
Sukhbaatar,2020,-15.920363067298783,0.8692478578614,1.0606211029429247
Sukhbaatar,2021,-19.115046281712004,-0.8538623533312568,-0.7298074730409814
Sukhbaatar,2022,-15.995648521505354,0.8286412855689277,1.0184281155571224
Sukhbaatar,2023,-16.88283314038346,0.3501222045204747,0.5212142801926953
Sukhbaatar,2024,-19.586283037739392,-1.1080324264504584,-0.99390744709752
Sukhbaatar,2025,-15.56155575988111,1.0627770730501103,1.2617111057244497
Sukhbaatar,2026,-16.360992234753002,0.6315865415956061,0.8136748488471383
Tuv,1970,-19.77910071953191,-0.6327411426067694,-0.5026460761996234
Tuv,1971,-21.25793508960926,-1.4368634410567487,-1.390525462806322
Tuv,1972,-20.031430494757497,-0.7699465003718534,-0.6541426944707973
Tuv,1973,-18.6539233939075,-0.02092132319211871,0.17290067461528683
Tuv,1974,-18.079972259592598,0.2911669773382061,0.5174959798022237
Tuv,1975,-19.00840900127702,-0.21367433673649913,-0.039929423197282474
Tuv,1976,-17.87396032515659,0.4031868178144207,0.641183766400755
Tuv,1977,-22.752216138150562,-2.2493849347385813,-2.2876789017864247
Tuv,1978,-18.383598224488704,0.12606910451247522,0.3352015721764922
Tuv,1979,-18.843773496401038,-0.12415310077792263,0.05891631236357358
Tuv,1980,-19.919481241008317,-0.7090736311337366,-0.5869293291601834
Tuv,1981,-19.862744901786016,-0.6782230122786392,-0.5528653209884155
Tuv,1982,-18.273416429355127,0.1859809108262026,0.4013537705956492
Tuv,1983,-19.011904117610882,-0.21557482068291203,-0.04202786086509692
Tuv,1984,-20.98184547691076,-1.286738573503346,-1.224763643273819
Tuv,1985,-21.07720433659762,-1.3385903474278034,-1.2820162792413317
Tuv,1986,-20.13603194799176,-0.8268239727229623,-0.716944503797794
Tuv,1987,-19.701285145721766,-0.590428602856868,-0.45592627759270676
Tuv,1988,-19.73738800973601,-0.61005968432155,-0.47760212541198244
Tuv,1989,-17.08536391180432,0.8319893756161258,1.1146502437391452
Tuv,1990,-17.816051904638307,0.4346747607165966,0.6759514820621432
Tuv,1991,-19.055166697113087,-0.23909902702413222,-0.0680023400418502
Tuv,1992,-17.437420810797253,0.6405569822855841,0.9032783214648786
Tuv,1993,-18.581614482319416,0.01839694622407411,0.2163143207720695
Tuv,1994,-18.876315549481422,-0.14184797658603016,0.039378344682701585
Tuv,1995,-16.918100907474663,0.9229393252580025,1.215073507284501
Tuv,1996,-18.367756862684818,0.13468291044102731,0.3447125890192464
Tuv,1997,-16.238942414397105,1.2922345617737636,1.6228344022459111
Tuv,1998,-17.068161458902402,0.8413432804525024,1.1249784479246383
Tuv,1999,-16.780786531177135,0.99760458467635,1.2975158731546925
Tuv,2000,-19.85945739746091,-0.6764354182197257,-0.5508915317780064
Tuv,2001,-21.838181345835128,-1.752374740134101,-1.738900304832554
Tuv,2002,-17.105123616820983,0.8212449543772128,1.1027866874648835
Tuv,2003,-18.71201371057326,-0.052508172875977276,0.1380237500775613
Tuv,2004,-18.718075077794904,-0.05580406634494153,0.13438455753534995
Tuv,2005,-21.10702996954215,-1.3548081585643041,-1.2999233317279197
Tuv,2006,-18.659721378068525,-0.024074001033718637,0.16941961498845642
Tuv,2007,-14.933208780355365,2.0022326198484968,2.4067856015976536
Tuv,2008,-18.455596304940155,0.08691985081100836,0.2919745463502327
Tuv,2009,-18.483733867654134,0.0716199348365357,0.2750809966542049
Tuv,2010,-22.317308353877543,-2.0129020302432545,-2.0265640233767424
Tuv,2011,-19.21986786102079,-0.32865596535247454,-0.16688749671841113
Tuv,2012,-21.168987837927023,-1.388498005474002,-1.3371223009229232
Tuv,2013,-21.737765851498736,-1.6977734002277618,-1.6786117090836323
Tuv,2014,-17.17853525157295,0.7813270746848209,1.0587109758421125
Tuv,2015,-15.357750155931285,1.7713864929104481,2.1518946254596045
Tuv,2016,-19.141139872090775,-0.2858472961115522,-0.11961989195189127
Tuv,2017,-17.055352754748483,0.8483080662546314,1.132668683300229
Tuv,2018,-19.321454085058797,-0.38389389437086946,-0.2278789884713633
Tuv,2019,-19.48659014223892,-0.47368730771282697,-0.32702525131354254
Tuv,2020,-16.496478371075515,1.152198321334663,1.468212037583913
Tuv,2021,-19.232079053758717,-0.3352958518535727,-0.1742189913991296
Tuv,2022,-17.96185351107224,0.35539453484706945,0.588413456502148
Tuv,2023,-19.62492202011853,-0.5489058378201807,-0.41007851634786496
Tuv,2024,-20.868448167636377,-1.2250783180908411,-1.1566808779292974
Tuv,2025,-18.256778907331253,0.19502763216366387,0.41134279515993505
Tuv,2026,-19.799734603775107,-0.6439609024117311,-0.5150344821332807
Umnugovi,1970,-11.863226291868399,-0.4757435914619657,-0.4028960703706053
Umnugovi,1971,-12.173837619357617,-0.6957912932195162,-0.6310754071185771
Umnugovi,1972,-13.158174295778606,-1.393129104924478,-1.3541826156611922
Umnugovi,1973,-10.874139178240718,0.22495959264626866,0.32370087442808193
Umnugovi,1974,-12.114884440104143,-0.6540268420937665,-0.5877675939426112
Umnugovi,1975,-12.611598237355528,-1.0059159067970724,-0.9526603547010606
Umnugovi,1976,-10.90122296368632,0.20577251151058018,0.3038047545745116
Umnugovi,1977,-14.216079545904066,-2.1425854137110107,-2.1313343063837533
Umnugovi,1978,-10.947913727936898,0.17269517511820473,0.2695050794626228
Umnugovi,1979,-9.054952437789328,1.513733780438997,1.6601003779887245
Umnugovi,1980,-11.466197148075787,-0.1944745491236276,-0.11123302178665437
Umnugovi,1981,-11.955864122178797,-0.5413714029792925,-0.4709490897143109
Umnugovi,1982,-10.596693702980302,0.421511468869151,0.5275161217353301
Umnugovi,1983,-11.698703794126134,-0.3591902197345489,-0.28203558946540436
Umnugovi,1984,-13.27623705687344,-1.4767688081254846,-1.4409131374970017
Umnugovi,1985,-13.34351874457463,-1.5244334598582208,-1.4903391870845686
Umnugovi,1986,-12.087618679470463,-0.6347108435028228,-0.5677377926227024
Umnugovi,1987,-10.020091191044537,0.8299964349671756,0.9510962268275513
Umnugovi,1988,-12.250153075324143,-0.7498557757667489,-0.6871377866422776
Umnugovi,1989,-10.139039668330417,0.7457292600837141,0.8637150457429195
Umnugovi,1990,-10.005876640037231,0.840066509699984,0.9615384307459837
Umnugovi,1991,-10.409808575665487,0.5539072932285178,0.6648044967068932
Umnugovi,1992,-11.319153284143496,-0.09030364016998095,-0.003212584746753125
Umnugovi,1993,-11.08435098506784,0.07603834966225033,0.16927640109630862
Umnugovi,1994,-11.086070230272059,0.07482037748137661,0.16801342001452732
Umnugovi,1995,-10.494187418619768,0.49413043119602973,0.6028186426284144
Umnugovi,1996,-11.977442310474514,-0.556658130546332,-0.4868007224713628
Umnugovi,1997,-9.925679976851828,0.8968805723589988,1.020451998267699
Umnugovi,1998,-10.271540210865139,0.6518613380665876,0.7663783318545031
Umnugovi,1999,-9.204416232638867,1.4078485095493043,1.550302226542408
Umnugovi,2000,-11.8862753373605,-0.4920723246386981,-0.4198282149758082
Umnugovi,2001,-10.281319399233196,0.6449334261232608,0.759194406098176
Umnugovi,2002,-9.722127801400621,1.041083904406967,1.1699842151495048
Umnugovi,2003,-12.38019273192792,-0.8419803219135589,-0.7826667000101071
Umnugovi,2004,-10.600666639539908,0.41869690455098335,0.5245975481068647
Umnugovi,2005,-13.606681834326828,-1.7108672050647513,-1.683662398319638
Umnugovi,2006,-12.338903808593727,-0.8127298346207275,-0.7523352912440793
Umnugovi,2007,-9.114763500072316,1.4713615755956113,1.6161623521857298
Umnugovi,2008,-13.052886002152032,-1.3185392719593363,-1.2768363926459636
Umnugovi,2009,-10.456663230613403,0.5207138510534578,0.6303844252433318
Umnugovi,2010,-12.861540381113665,-1.1829834810897146,-1.136271277873454
Umnugovi,2011,-13.204373511561618,-1.4258582115485947,-1.3881211925342787
Umnugovi,2012,-13.584660734953681,-1.6952667041222873,-1.66748539701694
Umnugovi,2013,-12.12857892071757,-0.6637284811489378,-0.5978277470244021
Umnugovi,2014,-9.956099220558427,0.8753305383633064,0.9981056050776842
Umnugovi,2015,-9.683980758101828,1.068108576284191,1.198007555795756
Umnugovi,2016,-12.08997870551213,-0.6363827667734737,-0.5694715000867819
Umnugovi,2017,-9.022065791377292,1.5370318070112345,1.6842593590111536
Umnugovi,2018,-11.811005090784121,-0.43874830421825417,-0.3645336605901489
Umnugovi,2019,-13.640821131953464,-1.735052652656385,-1.7087415940864368
Umnugovi,2020,-8.928180157696737,1.6035436051689325,1.753229031806283
Umnugovi,2021,-10.56020960277979,0.447358054905501,0.5543178415981979
Umnugovi,2022,-10.851468008535857,0.24102062567438057,0.3403554263028374
Umnugovi,2023,-10.497251609519653,0.49195965342460607,0.6005676460119788
Umnugovi,2024,-11.702035861545117,-0.36155077040594646,-0.28448337184284966
Umnugovi,2025,-10.564839002821158,0.44407842937524794,0.550917020902059
Umnugovi,2026,-9.886226399739561,0.9248308375339547,1.0494351365536798
Uvs,1970,-18.69798779384693,0.44479311054715914,0.5617546947043589
Uvs,1971,-20.47471116612567,-0.5405724042863297,-0.5118379404563664
Uvs,1972,-21.436217266421213,-1.0738208369436464,-1.0928320805939349
Uvs,1973,-18.97413832117897,0.29164084678925073,0.39488956704006445
Uvs,1974,-20.490701755002224,-0.5494407374701435,-0.5215003216225097
Uvs,1975,-20.276996522898845,-0.43092044931516776,-0.39236802851418934
Uvs,1976,-19.766318919961662,-0.1477001647264961,-0.083788920472333
Uvs,1977,-22.09697219519304,-1.4402735615076094,-1.4920960494501359
Uvs,1978,-19.795949695321845,-0.16413330489521843,-0.10169344218749111
Uvs,1979,-17.16259995421629,1.2963146544588204,1.4895193104355406
Uvs,1980,-19.53427661191357,-0.019010188616309664,0.05642362856765734
Uvs,1981,-21.363390761999753,-1.0334314734994436,-1.0488263563426112
Uvs,1982,-19.322618765339268,0.0983746255941009,0.18431878028433052
Uvs,1983,-18.74086060009412,0.4210159793070067,0.5358486196485546
Uvs,1984,-23.17072125258775,-2.0357716054066595,-2.1409134725874512
Uvs,1985,-21.87061362140754,-1.3147357675689524,-1.35531792095064
Uvs,1986,-19.68995845071987,-0.10535087487004444,-0.03764778298605071
Uvs,1987,-17.933772383948288,0.8686247112159008,1.0235350981957823
Uvs,1988,-20.29012328955193,-0.4382005151841869,-0.4002999329524979
Uvs,1989,-18.583756473824824,0.5081454619710777,0.6307794544356008
Uvs,1990,-18.660039039081212,0.46583937743396947,0.5846853907629934
Uvs,1991,-19.107602484906582,0.21762201726565936,0.3142432799075444
Uvs,1992,-19.007954834862556,0.2728863085557811,0.3744557951856723
Uvs,1993,-18.24507337977272,0.6959781018423197,0.8354301508247868
Uvs,1994,-18.945981757074787,0.30725639376597375,0.41190329034968237
Uvs,1995,-18.035780462544004,0.8120513332489486,0.96189628395156
Uvs,1996,-19.062593814108844,0.2425836926533723,0.3414399601790779
Uvs,1997,-17.047011150844927,1.3604198621237205,1.559364335239474
Uvs,1998,-17.521133854635018,1.0974728162281173,1.27287368008549
Uvs,1999,-16.516522407074316,1.6546273466847399,1.879914409175488
Uvs,2000,-18.94901543852806,0.30557392302590985,0.4100701754616387
Uvs,2001,-19.16139571741042,0.18778844999923675,0.2817384909580186
Uvs,2002,-18.642381473239354,0.4756322111006724,0.5953550498323011
Uvs,2003,-19.13271252382857,0.20369606412298233,0.29907043236365827
Uvs,2004,-18.39882346320207,0.610708761393588,0.7425260106527609
Uvs,2005,-22.94601871481328,-1.9111522441300888,-2.005136010873086
Uvs,2006,-19.56578802387775,-0.03648632427010746,0.03738272420623608
Uvs,2007,-16.01022982151386,1.9354157136364918,2.1858438518647305
Uvs,2008,-20.640691443427265,-0.6326245739978869,-0.6121322271603141
Uvs,2009,-19.52153910904477,-0.011946007288009042,0.06412031871292292
Uvs,2010,-22.648970855054213,-1.7464103817622418,-1.8256435814362086
Uvs,2011,-21.490860966012324,-1.1041260707352993,-1.1258507678889136
Uvs,2012,-22.639177347087152,-1.7409789312784159,-1.8197258126997402
Uvs,2013,-21.051735630538513,-0.8605884615515906,-0.8605074210107113
Uvs,2014,-20.139478022074503,-0.3546530964575791,-0.30927189099110186
Uvs,2015,-18.92663321003351,0.31798704059263977,0.42359473198245173
Uvs,2016,-20.411069830658885,-0.5052771083132208,-0.4733823935124987
Uvs,2017,-17.391297513746792,1.1694796659603508,1.351327839876859
Uvs,2018,-21.457115220909188,-1.0854107805467406,-1.1054597582494825
Uvs,2019,-22.785019755191918,-1.821862698435931,-1.907851706509853
Uvs,2020,-17.881941278032237,0.8973700888938314,1.0548542638306329
Uvs,2021,-18.34925043851635,0.638201813915686,0.7724807211246402
Uvs,2022,-20.189961780575516,-0.3826512392535956,-0.3397769162345123
Uvs,2023,-20.178945117831493,-0.37654143075673974,-0.33312005103502806
Uvs,2024,-20.607867007175486,-0.6144202389668962,-0.5922979223028192
Uvs,2025,-19.92490399038189,-0.2356509746261344,-0.179614622045245
Uvs,2026,-17.91107019657709,0.8812152770270415,1.037252991225184
Uvurkhangai,1970,-16.188536136433207,-0.7587337867646888,-0.7310571660382809
Uvurkhangai,1971,-16.301478093896186,-0.8263765897646491,-0.8025954660688918
Uvurkhangai,1972,-17.408968159303804,-1.4896706746341823,-1.5040881474403893
Uvurkhangai,1973,-14.375302442992453,0.3272418087840858,0.4174589293153541
Uvurkhangai,1974,-14.962773149565766,-0.02460409654309688,0.04535048874921325
Uvurkhangai,1975,-15.459724883171102,-0.32223669448857734,-0.26942254173455377
Uvurkhangai,1976,-13.595495907196195,0.7942808177036705,0.9113943557657926
Uvurkhangai,1977,-18.388297543283215,-2.0762072114593546,-2.1244028725758812
Uvurkhangai,1978,-14.269362998143405,0.390690691367852,0.48456178427668867
Uvurkhangai,1979,-13.02828456210549,1.1339930569562038,1.2706703617546726
Uvurkhangai,1980,-14.927165385962857,-0.0032780190359820317,0.0679047186675231
Uvurkhangai,1981,-15.725928122310293,-0.4816702094331537,-0.43803771025509364
Uvurkhangai,1982,-14.529976132495234,0.23460518247323844,0.3194874309010605
Uvurkhangai,1983,-15.009617028532707,-0.05265966905035937,0.015679217386371003
Uvurkhangai,1984,-17.51501398463705,-1.5531832702462807,-1.5712583846143844
Uvurkhangai,1985,-16.921530065159317,-1.1977359524323004,-1.1953411289845823
Uvurkhangai,1986,-15.775649231301841,-0.5114490025053144,-0.4695314411306011
Uvurkhangai,1987,-14.557074664272136,0.21837542439441293,0.3023230135295934
Uvurkhangai,1988,-16.84674579167768,-1.1529464163533667,-1.1479721979506552
Uvurkhangai,1989,-13.939344528974091,0.5883442011689872,0.6935980077795082
Uvurkhangai,1990,-13.666040608034274,0.7520304316764455,0.8667108024833166
Uvurkhangai,1991,-13.8438980016331,0.6455087022187699,0.7540545685048514
Uvurkhangai,1992,-14.322987167444584,0.35857429103660127,0.4505958251368586
Uvurkhangai,1993,-14.80126059149616,0.07212844106236435,0.14765377884122635
Uvurkhangai,1994,-15.165598663502472,-0.14607964549560531,-0.0831207436944335
Uvurkhangai,1995,-14.112056693384181,0.48490403442034663,0.5842008013378265
Uvurkhangai,1996,-16.01515877071745,-0.6548952199715881,-0.6212386159998114
Uvurkhangai,1997,-13.466191075211842,0.8717236164060708,0.9932970257185111
Uvurkhangai,1998,-13.611273236463276,0.7848315147213977,0.9014008746880439
Uvurkhangai,1999,-12.381677039194892,1.5212569779385425,1.6802365142732427
Uvurkhangai,2000,-15.935480003572431,-0.6071742908294065,-0.5707694752293603
Uvurkhangai,2001,-14.840512576345647,0.048619779284462976,0.12279127130163416
Uvurkhangai,2002,-13.770251370015096,0.68961688580307,0.8007029084777052
Uvurkhangai,2003,-14.290862373308924,0.3778143606258414,0.47094391554472803
Uvurkhangai,2004,-14.170910532461026,0.44965549851843184,0.5469223293473559
Uvurkhangai,2005,-17.737002985894996,-1.6861361481452772,-1.7118679165564177
Uvurkhangai,2006,-15.437224203853262,-0.3087606661581773,-0.25517043929105016
Uvurkhangai,2007,-11.44095062428273,2.084673559253068,2.2760998234315464
Uvurkhangai,2008,-16.196080206747087,-0.7632520550285173,-0.7358356378984245
Uvurkhangai,2009,-14.588494278212703,0.1995576988665616,0.28242158965297043
Uvurkhangai,2010,-17.804709508863525,-1.7266867025880197,-1.7547537462600482
Uvurkhangai,2011,-17.33966338594079,-1.4481629016430158,-1.4601899737079036
Uvurkhangai,2012,-18.032833793338387,-1.8633141028993527,-1.899249413535697
Uvurkhangai,2013,-17.108184840315456,-1.3095265789497057,-1.3135696917544721
Uvurkhangai,2014,-13.84001670880504,0.6478332725737658,0.756513009079794
Uvurkhangai,2015,-12.336056578900159,1.5485798248043379,1.7091328628881406
Uvurkhangai,2016,-15.324470373466168,-0.24123053556994892,-0.18375130038975643
Uvurkhangai,2017,-13.23424972275554,1.0106371217514047,1.1402104530598383
Uvurkhangai,2018,-15.469029382393163,-0.3278093126902538,-0.2753160827350326
Uvurkhangai,2019,-17.431517847783127,-1.5031760553605373,-1.518371292661769
Uvurkhangai,2020,-12.842805705097414,1.2450794066802877,1.3881540889720612
Uvurkhangai,2021,-14.36103189759333,0.3357886740307881,0.42649800196200577
Uvurkhangai,2022,-14.811679025423707,0.06588866897447387,0.14105466307503906
Uvurkhangai,2023,-14.606368958209172,0.18885225790512974,0.27109963057538233
Uvurkhangai,2024,-15.589250407245851,-0.3998116693275493,-0.35146499974595113
Uvurkhangai,2025,-13.64116891117417,0.7669265015584843,0.882464725579893
Uvurkhangai,2026,-13.665917761851142,0.7521040062837175,0.8667886141956678
Zavkhan,1970,-20.455285634873764,0.23031582835726647,0.2800303317903488
Zavkhan,1971,-21.868682880643025,-0.5634952224076577,-0.5438525723634007
Zavkhan,1972,-22.523991406919563,-0.9315383549211018,-0.9258382408380704
Zavkhan,1973,-20.18005749666236,0.3848931336743981,0.4404634715132338
Zavkhan,1974,-21.78210367452241,-0.5148694515631759,-0.49338471699471775
Zavkhan,1975,-21.533813077387403,-0.3754211680768738,-0.34865373010905815
Zavkhan,1976,-20.83728045371009,0.015774792965491332,0.057361862853813415
Zavkhan,1977,-23.64564931362488,-1.5614988590792434,-1.579663466838443
Zavkhan,1978,-20.79822510023155,0.037709582548246204,0.0801276055655424
Zavkhan,1979,-17.237974999021354,2.0372648259783515,2.1554317719482126
Zavkhan,1980,-20.79086485915041,0.04184333951147265,0.08441796117176252
Zavkhan,1981,-22.637938216969914,-0.9955346852437567,-0.9922589368344347
Zavkhan,1982,-20.655219954478568,0.11802604372345012,0.16348668606790562
Zavkhan,1983,-20.454931672816517,0.23051462525844554,0.28023665969183414
Zavkhan,1984,-24.824273977802754,-2.2234537949113693,-2.26669516591438
Zavkhan,1985,-23.292537563661963,-1.3631795188410043,-1.3738312176805485
Zavkhan,1986,-20.66452977949052,0.11279733537744537,0.15805989916070867
Zavkhan,1987,-19.122925757557006,0.9786135892137376,1.0566757712713215
Zavkhan,1988,-22.0480212956038,-0.6642176598177056,-0.6483906663681022
Zavkhan,1989,-19.641358406936043,0.6874445159851906,0.7544763732909944
Zavkhan,1990,-18.77571330010134,1.1736196899519222,1.2590692658555283
Zavkhan,1991,-20.320529908771736,0.30599914021728164,0.35858074591108713
Zavkhan,1992,-20.013979098163052,0.4781683034235362,0.5372721738666497
Zavkhan,1993,-19.94057543790791,0.5193942481121523,0.5800598763102092
Zavkhan,1994,-19.638250024208013,0.6891902874354342,0.7562882796017335
Zavkhan,1995,-20.088270697613787,0.43644366245687183,0.493966883090888
Zavkhan,1996,-20.64741048048315,0.12241210487984552,0.16803890387823328
Zavkhan,1997,-18.310020498283784,1.4351683051420256,1.530526097367977
Zavkhan,1998,-18.327592281550775,1.4252994053824313,1.5202833352057448
Zavkhan,1999,-18.329745187236263,1.424090261718461,1.5190283856904274
Zavkhan,2000,-21.073365790129692,-0.11681860887847248,-0.08025455969102757
Zavkhan,2001,-21.029657407350157,-0.09227052279346376,-0.05477652126406883
Zavkhan,2002,-19.71315097728357,0.6471234131421842,0.7126277907133557
Zavkhan,2003,-20.244138197758005,0.34890327390726594,0.403110211998317
Zavkhan,2004,-19.93987050760645,0.519790160489223,0.5804707869906502
Zavkhan,2005,-24.252731600089394,-1.9024565262613975,-1.9335375943916357
Zavkhan,2006,-21.560290424330805,-0.3902917295283856,-0.3640876313419303
Zavkhan,2007,-17.489250266803445,1.8961402518740782,2.008960991718521
Zavkhan,2008,-22.398336276927555,-0.8609662414749129,-0.8525926520770085
Zavkhan,2009,-20.814158237634306,0.028761000978895078,0.07084002590246082
Zavkhan,2010,-23.56342745752775,-1.5153203213895226,-1.5317355528786671
Zavkhan,2011,-23.157951245529215,-1.2875913521487792,-1.2953795531011267
Zavkhan,2012,-24.10500208858697,-1.819486703654377,-1.8474246354693284
Zavkhan,2013,-22.514724782951753,-0.9263339097228745,-0.9204366362367076
Zavkhan,2014,-21.537569862075976,-0.3775311037018796,-0.3508435961844071
Zavkhan,2015,-19.5377721215099,0.745622030003345,0.8148578194292603
Zavkhan,2016,-21.981062027170665,-0.6266111005913731,-0.6093594621529872
Zavkhan,2017,-18.750275997371087,1.1879061278725918,1.2738969152725421
Zavkhan,2018,-22.654709750791117,-1.004954138214533,-1.0020352258664715
Zavkhan,2019,-24.131526499559083,-1.8343836978346881,-1.8628859707790468
Zavkhan,2020,-19.527512388591504,0.751384238322979,0.8208383168286657
Zavkhan,2021,-20.21532999030646,0.36508292438855544,0.4199027943311937
Zavkhan,2022,-20.738236748417698,0.07140104241881735,0.11509539516307692
Zavkhan,2023,-21.18643064861054,-0.18031960577366574,-0.14616115760026113
Zavkhan,2024,-21.144812526783337,-0.15694547998036604,-0.12190155246868471
Zavkhan,2025,-21.035619312399024,-0.09561892758593672,-0.058251773292932185
Zavkhan,2026,-19.649467680725845,0.6828900772615464,0.7497493992852653
