Aimag,Year,JJA_Mean_SPEI3_point
Arkhangai,1950,2.1128645948410862
Arkhangai,1951,0.6138023863098786
Arkhangai,1952,0.7912032142449315
Arkhangai,1953,0.47288579769018546
Arkhangai,1954,1.2651774447207829
Arkhangai,1955,1.4419041341998797
Arkhangai,1956,1.4344373890688737
Arkhangai,1957,0.35694338788031155
Arkhangai,1958,1.2848924331230618
Arkhangai,1959,1.3380019478816307
Arkhangai,1960,1.6267056931963648
Arkhangai,1961,1.0060517339562467
Arkhangai,1962,0.21924920110164992
Arkhangai,1963,0.9055433566684824
Arkhangai,1964,1.4500689298544194
Arkhangai,1965,0.8782414186746866
Arkhangai,1966,0.7026945944131153
Arkhangai,1967,1.2551329964801377
Arkhangai,1968,0.031369797301955125
Arkhangai,1969,0.8036642156172942
Arkhangai,1970,0.16602696227433958
Arkhangai,1971,1.5522963467707045
Arkhangai,1972,0.9265582513627331
Arkhangai,1973,1.5271969746688525
Arkhangai,1974,-0.24495223669067964
Arkhangai,1975,0.5578803523871572
Arkhangai,1976,1.384914084327473
Arkhangai,1977,0.4946212005663929
Arkhangai,1978,0.43578155907723254
Arkhangai,1979,0.3227166553877088
Arkhangai,1980,0.26305709596005
Arkhangai,1981,0.661214921858736
Arkhangai,1982,0.7255176160250437
Arkhangai,1983,1.055629098517624
Arkhangai,1984,0.5503861716591321
Arkhangai,1985,0.44944803719702714
Arkhangai,1986,0.9012043842933882
Arkhangai,1987,0.34183409625397887
Arkhangai,1988,-0.25345212926236965
Arkhangai,1989,0.2027891475137512
Arkhangai,1990,1.8020672121500638
Arkhangai,1991,0.7179628702242087
Arkhangai,1992,1.1363513571099433
Arkhangai,1993,2.164550012396945
Arkhangai,1994,1.4695702581533314
Arkhangai,1995,0.6913389670829913
Arkhangai,1996,-0.3945311754035408
Arkhangai,1997,-0.12302257204078469
Arkhangai,1998,-0.04641121997875191
Arkhangai,1999,0.2540068498553222
Arkhangai,2000,-0.5638303246929061
Arkhangai,2001,-0.36570052782240325
Arkhangai,2002,-1.6232916506209625
Arkhangai,2003,0.15195468044111407
Arkhangai,2004,-0.6692092202289465
Arkhangai,2005,-0.37947151772419
Arkhangai,2006,0.4147117559014
Arkhangai,2007,-0.6129219176790931
Arkhangai,2008,0.0981501480089731
Arkhangai,2009,-0.5860200921687702
Arkhangai,2010,-0.25098919676031806
Arkhangai,2011,-0.0209847779235992
Arkhangai,2012,-0.09618602858091492
Arkhangai,2013,-0.45578341151702734
Arkhangai,2014,-0.4150888148266958
Arkhangai,2015,-0.407645995325623
Arkhangai,2016,0.9087702826427121
Arkhangai,2017,-2.1988883461015254
Arkhangai,2018,-0.21864196313764003
Arkhangai,2019,-0.5878304969907259
Arkhangai,2020,-0.780794608458336
Arkhangai,2021,0.6857155684540625
Arkhangai,2022,-1.200033259682357
Arkhangai,2023,0.23467858654125778
Arkhangai,2024,-1.0410395700993058
Bayan-Ulgii,1950,-1.0785510034829644
Bayan-Ulgii,1951,0.11032124658409583
Bayan-Ulgii,1952,-0.1022949394695883
Bayan-Ulgii,1953,-1.201909928085113
Bayan-Ulgii,1954,0.6063026141000847
Bayan-Ulgii,1955,-1.2122392393923787
Bayan-Ulgii,1956,0.048896602455699024
Bayan-Ulgii,1957,-0.9313031153944274
Bayan-Ulgii,1958,1.3322970295895438
Bayan-Ulgii,1959,0.8996895529781265
Bayan-Ulgii,1960,0.32468813459506696
Bayan-Ulgii,1961,1.3104791798314595
Bayan-Ulgii,1962,-0.34195993346404346
Bayan-Ulgii,1963,-0.1659301768740869
Bayan-Ulgii,1964,-0.2520520499615617
Bayan-Ulgii,1965,-0.4266906653029042
Bayan-Ulgii,1966,0.1649127624638489
Bayan-Ulgii,1967,0.11211871658144294
Bayan-Ulgii,1968,-0.719315454351184
Bayan-Ulgii,1969,1.957763112879659
Bayan-Ulgii,1970,1.2644136754036752
Bayan-Ulgii,1971,0.8857483072815143
Bayan-Ulgii,1972,-0.10499221940732131
Bayan-Ulgii,1973,0.8901912916831575
Bayan-Ulgii,1974,-1.4567441629309907
Bayan-Ulgii,1975,0.8301938103276604
Bayan-Ulgii,1976,1.229310321111762
Bayan-Ulgii,1977,-0.13542697399094505
Bayan-Ulgii,1978,0.23575104614547285
Bayan-Ulgii,1979,0.8959819447854424
Bayan-Ulgii,1980,0.15921822558996362
Bayan-Ulgii,1981,-0.20876112112890155
Bayan-Ulgii,1982,-0.6340219696435361
Bayan-Ulgii,1983,1.7713726132495144
Bayan-Ulgii,1984,2.089555540969954
Bayan-Ulgii,1985,0.23144361783728762
Bayan-Ulgii,1986,0.9781146625722278
Bayan-Ulgii,1987,1.5788444054061652
Bayan-Ulgii,1988,0.6089741784362239
Bayan-Ulgii,1989,0.025321934860250403
Bayan-Ulgii,1990,0.1680220142682337
Bayan-Ulgii,1991,0.18721655584169825
Bayan-Ulgii,1992,-0.23396857246855143
Bayan-Ulgii,1993,1.7538093356272308
Bayan-Ulgii,1994,1.5494273910666987
Bayan-Ulgii,1995,0.16835105710961976
Bayan-Ulgii,1996,0.7320782600431521
Bayan-Ulgii,1997,0.019146256782884806
Bayan-Ulgii,1998,0.394019019863247
Bayan-Ulgii,1999,0.21209894821144298
Bayan-Ulgii,2000,0.15558966541051594
Bayan-Ulgii,2001,-0.5677572263705133
Bayan-Ulgii,2002,-0.8378222264224457
Bayan-Ulgii,2003,0.5219514696743875
Bayan-Ulgii,2004,-0.4673428435711103
Bayan-Ulgii,2005,0.2777122153948877
Bayan-Ulgii,2006,-0.4090677714007628
Bayan-Ulgii,2007,-0.8474762317146702
Bayan-Ulgii,2008,-1.1784748249204047
Bayan-Ulgii,2009,-0.9581013476520814
Bayan-Ulgii,2010,-0.35513204418809396
Bayan-Ulgii,2011,-0.29590710974893186
Bayan-Ulgii,2012,0.4446704033896742
Bayan-Ulgii,2013,0.6035475446839358
Bayan-Ulgii,2014,-0.022549959033694264
Bayan-Ulgii,2015,-0.42015273143207527
Bayan-Ulgii,2016,0.7386327879033052
Bayan-Ulgii,2017,-1.178818647255833
Bayan-Ulgii,2018,-0.46191785489189097
Bayan-Ulgii,2019,0.42521942916124755
Bayan-Ulgii,2020,0.635856117586819
Bayan-Ulgii,2021,-0.34032054804233675
Bayan-Ulgii,2022,-2.2885051069946165
Bayan-Ulgii,2023,-0.8569369123144543
Bayan-Ulgii,2024,-0.968634762687145
Bayankhongor,1950,1.1378782588776053
Bayankhongor,1951,-0.23993896997048303
Bayankhongor,1952,-0.16926915249702634
Bayankhongor,1953,-0.2930322017738603
Bayankhongor,1954,0.9254966747871916
Bayankhongor,1955,1.3372535218208526
Bayankhongor,1956,0.26218349195035523
Bayankhongor,1957,-0.11245835225901905
Bayankhongor,1958,0.5981579534407621
Bayankhongor,1959,0.6417484051210232
Bayankhongor,1960,0.21920776045769588
Bayankhongor,1961,0.04749152309052417
Bayankhongor,1962,0.13144655334363406
Bayankhongor,1963,0.17883749965684553
Bayankhongor,1964,1.02010832470443
Bayankhongor,1965,-0.05892156238870599
Bayankhongor,1966,0.05060072062392817
Bayankhongor,1967,-0.28992210853497585
Bayankhongor,1968,0.061864463808134366
Bayankhongor,1969,0.3717279946086922
Bayankhongor,1970,-0.19125880196240744
Bayankhongor,1971,1.1448187404415324
Bayankhongor,1972,0.07988654959268135
Bayankhongor,1973,0.9072517721257274
Bayankhongor,1974,0.19658506516598237
Bayankhongor,1975,1.269159296592688
Bayankhongor,1976,1.3688495329194976
Bayankhongor,1977,1.1138546024994485
Bayankhongor,1978,0.5281203639140588
Bayankhongor,1979,1.2047322490645318
Bayankhongor,1980,-0.24865130824879342
Bayankhongor,1981,0.5134657783224744
Bayankhongor,1982,0.13313590731531902
Bayankhongor,1983,0.18243327260954076
Bayankhongor,1984,0.7062323494402163
Bayankhongor,1985,0.08272262745621108
Bayankhongor,1986,0.16806363972620675
Bayankhongor,1987,0.4362343744146996
Bayankhongor,1988,-0.325615837112333
Bayankhongor,1989,-0.5571395681992207
Bayankhongor,1990,0.9074486646040384
Bayankhongor,1991,-0.03469476156696203
Bayankhongor,1992,0.6233692844977587
Bayankhongor,1993,1.5274090203664947
Bayankhongor,1994,1.0236057781347079
Bayankhongor,1995,0.10010321837303518
Bayankhongor,1996,0.48721743497314135
Bayankhongor,1997,0.6908829597120549
Bayankhongor,1998,-0.011709719034998097
Bayankhongor,1999,0.3940500268880479
Bayankhongor,2000,-0.11759478330652273
Bayankhongor,2001,-0.7242520733996108
Bayankhongor,2002,-0.5510343328098845
Bayankhongor,2003,1.4148149582810767
Bayankhongor,2004,-0.6026129556534432
Bayankhongor,2005,-0.7659192188117685
Bayankhongor,2006,-0.08673469151340786
Bayankhongor,2007,-0.5485115283655609
Bayankhongor,2008,-0.7639931803715257
Bayankhongor,2009,-1.5479487216132684
Bayankhongor,2010,-0.3359785389489303
Bayankhongor,2011,0.3916481971357512
Bayankhongor,2012,-0.31065062301280993
Bayankhongor,2013,-0.5445323153176326
Bayankhongor,2014,0.7408170027840448
Bayankhongor,2015,0.5790972949760856
Bayankhongor,2016,1.2800259802514076
Bayankhongor,2017,-1.3888567594904102
Bayankhongor,2018,-0.9850247258237209
Bayankhongor,2019,0.06882661230506366
Bayankhongor,2020,-1.3539615163828598
Bayankhongor,2021,-0.0552678721487914
Bayankhongor,2022,-2.046887281676785
Bayankhongor,2023,-0.5572421524501882
Bayankhongor,2024,-0.9377644641049613
Bulgan,1950,3.1814839341222783
Bulgan,1951,0.10505328006911871
Bulgan,1952,0.9477694987590909
Bulgan,1953,1.1315436700898012
Bulgan,1954,0.596952820505986
Bulgan,1955,0.7145978531482843
Bulgan,1956,1.333329634769097
Bulgan,1957,0.07472719987057354
Bulgan,1958,0.2419640782678179
Bulgan,1959,0.9693760788050249
Bulgan,1960,1.2856172642825299
Bulgan,1961,0.06279759570147052
Bulgan,1962,0.5222135369140244
Bulgan,1963,0.9462771929713868
Bulgan,1964,1.6604599188181506
Bulgan,1965,0.8535129041385799
Bulgan,1966,0.7400293418615691
Bulgan,1967,1.7921320656454545
Bulgan,1968,0.07849453462893337
Bulgan,1969,-0.001605573790990514
Bulgan,1970,0.024505397885928103
Bulgan,1971,2.10213879444927
Bulgan,1972,0.44467187731778374
Bulgan,1973,1.786853667649492
Bulgan,1974,-0.013812093467006915
Bulgan,1975,0.926608954385346
Bulgan,1976,1.4122342500564877
Bulgan,1977,0.57956121234913
Bulgan,1978,0.18877548112457324
Bulgan,1979,-0.25225984641450194
Bulgan,1980,-0.19280362672310314
Bulgan,1981,0.17025375046222935
Bulgan,1982,1.259615912547272
Bulgan,1983,1.2397814617920428
Bulgan,1984,0.2991988688423039
Bulgan,1985,1.114318683358099
Bulgan,1986,0.9122128030426727
Bulgan,1987,-0.06687485051351647
Bulgan,1988,0.7938601923901545
Bulgan,1989,0.20737153076116752
Bulgan,1990,1.2048289405935289
Bulgan,1991,0.851960551369403
Bulgan,1992,0.6108128082975723
Bulgan,1993,1.6839726587567596
Bulgan,1994,1.6333077026834923
Bulgan,1995,-0.015785579897383745
Bulgan,1996,-0.6099439696028456
Bulgan,1997,0.01502443042611272
Bulgan,1998,0.8172094631528958
Bulgan,1999,0.3048757469737076
Bulgan,2000,-0.27516975260441817
Bulgan,2001,0.13155617183643073
Bulgan,2002,-1.1343557629225076
Bulgan,2003,-0.0856159689895211
Bulgan,2004,-0.20923190329977068
Bulgan,2005,-0.3591817709438064
Bulgan,2006,0.2556913400213421
Bulgan,2007,-0.15527895197781297
Bulgan,2008,1.0198126751859473
Bulgan,2009,-0.6607450853994459
Bulgan,2010,-1.0019292519409029
Bulgan,2011,-0.22746787354815995
Bulgan,2012,0.08016927650786493
Bulgan,2013,0.424305542493813
Bulgan,2014,-0.6931949576621221
Bulgan,2015,-1.163248238159167
Bulgan,2016,0.5192137617873372
Bulgan,2017,-1.8440773426731463
Bulgan,2018,-0.5112357813587945
Bulgan,2019,-0.2481880786248352
Bulgan,2020,-0.6152989126871565
Bulgan,2021,1.5039980895672513
Bulgan,2022,-0.22201800060701862
Bulgan,2023,1.1870491036424784
Bulgan,2024,0.15850961354203863
Darkhan-Uul,1950,2.520746032026486
Darkhan-Uul,1951,-0.01555236008448549
Darkhan-Uul,1952,0.9892435761661872
Darkhan-Uul,1953,0.02394074290336708
Darkhan-Uul,1954,-0.2606642299910775
Darkhan-Uul,1955,-0.16100288912512548
Darkhan-Uul,1956,-0.15131691971046907
Darkhan-Uul,1957,0.7099925646846187
Darkhan-Uul,1958,-0.411772546403925
Darkhan-Uul,1959,1.0672813965209678
Darkhan-Uul,1960,0.3819764423805905
Darkhan-Uul,1961,-0.20800734068062376
Darkhan-Uul,1962,0.36103367345467713
Darkhan-Uul,1963,0.8048593103305576
Darkhan-Uul,1964,2.362070630779959
Darkhan-Uul,1965,-0.023672431189889213
Darkhan-Uul,1966,1.3086692207282284
Darkhan-Uul,1967,2.3396526796520303
Darkhan-Uul,1968,0.49057620333790486
Darkhan-Uul,1969,-0.5726963378222835
Darkhan-Uul,1970,0.7775795065700271
Darkhan-Uul,1971,2.7024965825474827
Darkhan-Uul,1972,-0.4405872855904187
Darkhan-Uul,1973,2.4135547900958296
Darkhan-Uul,1974,-0.02560757238227791
Darkhan-Uul,1975,1.3944379786378345
Darkhan-Uul,1976,0.7022378057844126
Darkhan-Uul,1977,-0.03816729548405737
Darkhan-Uul,1978,1.0681939250505061
Darkhan-Uul,1979,-0.813302094520044
Darkhan-Uul,1980,-0.8148242761336065
Darkhan-Uul,1981,0.8517134589094413
Darkhan-Uul,1982,1.5909340454214165
Darkhan-Uul,1983,2.03832299302472
Darkhan-Uul,1984,0.6470708630869573
Darkhan-Uul,1985,2.0153613652258255
Darkhan-Uul,1986,0.2562585732951424
Darkhan-Uul,1987,-0.10967890545865888
Darkhan-Uul,1988,2.231287009426246
Darkhan-Uul,1989,-0.2606823556943921
Darkhan-Uul,1990,1.4866155317152279
Darkhan-Uul,1991,1.4563212105293022
Darkhan-Uul,1992,0.6565096440773406
Darkhan-Uul,1993,1.5229110802925119
Darkhan-Uul,1994,0.9546985203225501
Darkhan-Uul,1995,0.7934360765038581
Darkhan-Uul,1996,-0.4266605992525323
Darkhan-Uul,1997,0.5535355530367682
Darkhan-Uul,1998,1.2093545452605425
Darkhan-Uul,1999,-0.6686033012151521
Darkhan-Uul,2000,-0.2626599572550243
Darkhan-Uul,2001,-1.1526705589428368
Darkhan-Uul,2002,-1.221578041247129
Darkhan-Uul,2003,-0.2057197899291574
Darkhan-Uul,2004,0.02526714443472532
Darkhan-Uul,2005,-0.1520502114666412
Darkhan-Uul,2006,0.2885048528676199
Darkhan-Uul,2007,0.2186370928880533
Darkhan-Uul,2008,1.2158377961537494
Darkhan-Uul,2009,-0.03525865820712434
Darkhan-Uul,2010,-0.7152815845481681
Darkhan-Uul,2011,0.19184693361977775
Darkhan-Uul,2012,0.6385599304309458
Darkhan-Uul,2013,-0.14669862156436844
Darkhan-Uul,2014,-0.6571457569312574
Darkhan-Uul,2015,-1.5002373631743715
Darkhan-Uul,2016,0.024684313404141647
Darkhan-Uul,2017,-1.8468104006907335
Darkhan-Uul,2018,-0.6134234240977036
Darkhan-Uul,2019,-0.2623142304521487
Darkhan-Uul,2020,-0.2965742824868342
Darkhan-Uul,2021,2.016373328726476
Darkhan-Uul,2022,-0.1610242253673824
Darkhan-Uul,2023,0.823167268236556
Darkhan-Uul,2024,0.3981295010167927
Dornod,1950,0.5355230842958114
Dornod,1951,0.3448189148505655
Dornod,1952,1.3934289398336284
Dornod,1953,1.756330225258294
Dornod,1954,1.5098191001648633
Dornod,1955,1.0667992078776254
Dornod,1956,0.03420906041194462
Dornod,1957,1.5627173911325334
Dornod,1958,1.1579023612384949
Dornod,1959,0.9748369318851628
Dornod,1960,0.8083097537774524
Dornod,1961,-0.35383055495810917
Dornod,1962,0.5920733237473573
Dornod,1963,0.13851297682190755
Dornod,1964,0.21095912466484384
Dornod,1965,-0.703277945553446
Dornod,1966,0.06499708057324248
Dornod,1967,1.111984266044728
Dornod,1968,0.0813128849281139
Dornod,1969,0.04980644468370609
Dornod,1970,-0.22875549970785694
Dornod,1971,0.6397907074262386
Dornod,1972,-0.48235837968277395
Dornod,1973,0.3422450584430439
Dornod,1974,0.7554403476410281
Dornod,1975,0.7724298330441658
Dornod,1976,0.5475899864522
Dornod,1977,1.1546732139301807
Dornod,1978,0.368958519387349
Dornod,1979,0.1430460527285721
Dornod,1980,0.4122058673956189
Dornod,1981,0.06323325777614246
Dornod,1982,-0.21442666009935818
Dornod,1983,0.3390462107223157
Dornod,1984,1.1006813699484819
Dornod,1985,0.7564643032998432
Dornod,1986,-0.3600629227463866
Dornod,1987,0.21370771841870922
Dornod,1988,0.8683921957725035
Dornod,1989,0.9670897245717032
Dornod,1990,1.9647651175932281
Dornod,1991,0.6635864637611653
Dornod,1992,0.0763463703370067
Dornod,1993,0.6044264852258152
Dornod,1994,0.7175694654392254
Dornod,1995,0.453392768249387
Dornod,1996,0.7582478967258348
Dornod,1997,-0.1685861997638029
Dornod,1998,1.675585592988793
Dornod,1999,-0.702790058976492
Dornod,2000,-0.7014214378872372
Dornod,2001,-0.794295245773631
Dornod,2002,0.8163841769785188
Dornod,2003,-0.5478420807744626
Dornod,2004,-1.292236720152369
Dornod,2005,0.17036347519564174
Dornod,2006,-0.16561485917908522
Dornod,2007,-1.757508687105006
Dornod,2008,0.5689845670848038
Dornod,2009,0.011488640066457194
Dornod,2010,-0.3776308800241595
Dornod,2011,-0.16779682048698025
Dornod,2012,0.9372136809272618
Dornod,2013,0.9067953769184701
Dornod,2014,0.8831009783748413
Dornod,2015,-0.23501114660834554
Dornod,2016,-1.1508101211169706
Dornod,2017,-1.3306920276235437
Dornod,2018,-0.046937888769146834
Dornod,2019,-0.22799712553074836
Dornod,2020,0.48601773826252076
Dornod,2021,0.9386270029778884
Dornod,2022,0.18298919826984833
Dornod,2023,-0.27898465853952203
Dornod,2024,0.5262040304741225
Dornogovi,1950,1.7522389528963733
Dornogovi,1951,0.23345159205075525
Dornogovi,1952,1.0857844741969085
Dornogovi,1953,0.8606693128570279
Dornogovi,1954,1.7604361704198546
Dornogovi,1955,1.7689781883043603
Dornogovi,1956,1.3521965101845574
Dornogovi,1957,0.243037265048123
Dornogovi,1958,0.7216640606064498
Dornogovi,1959,1.3182294402469434
Dornogovi,1960,0.6714484830135357
Dornogovi,1961,-0.2784395743065789
Dornogovi,1962,0.38765181906300084
Dornogovi,1963,-0.39792168449564985
Dornogovi,1964,0.20246220266188775
Dornogovi,1965,-0.8940607626282937
Dornogovi,1966,-0.3797111917190169
Dornogovi,1967,1.5179616360864836
Dornogovi,1968,-0.6519498066952696
Dornogovi,1969,0.4877220930524784
Dornogovi,1970,0.42816386949942864
Dornogovi,1971,0.3067444734837753
Dornogovi,1972,-0.27814135238407595
Dornogovi,1973,1.5222123383822985
Dornogovi,1974,0.8082017316246763
Dornogovi,1975,0.6517477406865463
Dornogovi,1976,1.315779130663496
Dornogovi,1977,1.3900026843462638
Dornogovi,1978,0.19644530704109922
Dornogovi,1979,0.9966365187321975
Dornogovi,1980,-0.6941175464248175
Dornogovi,1981,0.8038030253243893
Dornogovi,1982,0.33205234878984125
Dornogovi,1983,0.6536022311499786
Dornogovi,1984,0.9962512207233497
Dornogovi,1985,0.5653277603928434
Dornogovi,1986,0.6299314264098905
Dornogovi,1987,0.4569220154053228
Dornogovi,1988,0.6646212151263144
Dornogovi,1989,-0.029897680007256424
Dornogovi,1990,1.1048815084729924
Dornogovi,1991,0.45907329963908466
Dornogovi,1992,0.4947195748359546
Dornogovi,1993,1.0040959633621038
Dornogovi,1994,-0.033326531822575715
Dornogovi,1995,0.04597371117498118
Dornogovi,1996,1.1884150116851517
Dornogovi,1997,0.5417795434098798
Dornogovi,1998,1.076255902871041
Dornogovi,1999,-0.4662975614322031
Dornogovi,2000,-0.7252289441298568
Dornogovi,2001,-0.5346145928306795
Dornogovi,2002,0.42917133279424435
Dornogovi,2003,1.3845712362557563
Dornogovi,2004,-0.20713002920323148
Dornogovi,2005,-1.1364986658948488
Dornogovi,2006,-0.16022349176978948
Dornogovi,2007,-0.6251829802293585
Dornogovi,2008,0.3766577232498336
Dornogovi,2009,-0.9655551029236911
Dornogovi,2010,-0.05555485459675678
Dornogovi,2011,0.5107906013372615
Dornogovi,2012,0.8053387569141951
Dornogovi,2013,-0.5757862562251039
Dornogovi,2014,-0.15986688902895083
Dornogovi,2015,-0.2900970881531036
Dornogovi,2016,0.390528744289672
Dornogovi,2017,-1.4701627722787411
Dornogovi,2018,-0.6028330943913099
Dornogovi,2019,-0.6622686525866098
Dornogovi,2020,-0.6694050699779203
Dornogovi,2021,0.08746994026188044
Dornogovi,2022,-0.8385821892925934
Dornogovi,2023,-0.8713921119920082
Dornogovi,2024,-0.3928429189788866
Dundgovi,1950,2.3477158749023843
Dundgovi,1951,-0.44273851294642397
Dundgovi,1952,0.11831659847167598
Dundgovi,1953,0.28849574558705987
Dundgovi,1954,1.5035636823183058
Dundgovi,1955,1.2473767040024228
Dundgovi,1956,1.3070707959978052
Dundgovi,1957,0.6397844904435831
Dundgovi,1958,1.3986086336528973
Dundgovi,1959,1.387857119552871
Dundgovi,1960,1.1896607632968739
Dundgovi,1961,0.6793606508130038
Dundgovi,1962,1.0497765872137075
Dundgovi,1963,0.26569800590882564
Dundgovi,1964,0.8701608944195786
Dundgovi,1965,-0.4568884001282697
Dundgovi,1966,0.5820499060728648
Dundgovi,1967,1.5743789327499291
Dundgovi,1968,0.12472698582596685
Dundgovi,1969,0.6014205898051685
Dundgovi,1970,-0.14461342082753073
Dundgovi,1971,1.4450271457504997
Dundgovi,1972,0.3684040117813517
Dundgovi,1973,1.8885579571188005
Dundgovi,1974,0.8196397062339854
Dundgovi,1975,0.9964691347943506
Dundgovi,1976,1.9128582559690601
Dundgovi,1977,1.6576702858587082
Dundgovi,1978,0.5360663925148668
Dundgovi,1979,0.7553199822972613
Dundgovi,1980,0.07155332164808133
Dundgovi,1981,0.2024074159088879
Dundgovi,1982,0.4731137950256698
Dundgovi,1983,0.649396024224162
Dundgovi,1984,0.6906983907812698
Dundgovi,1985,0.6939936776764498
Dundgovi,1986,0.8061756846940372
Dundgovi,1987,1.0098164113365449
Dundgovi,1988,0.4919575000342968
Dundgovi,1989,0.26722194416086437
Dundgovi,1990,1.5490726046995256
Dundgovi,1991,0.35703372261169736
Dundgovi,1992,0.8775747357846161
Dundgovi,1993,1.5652469484525795
Dundgovi,1994,1.171076892261151
Dundgovi,1995,0.30518803764173097
Dundgovi,1996,0.6780627158127794
Dundgovi,1997,0.6594098051858375
Dundgovi,1998,0.7976372340950691
Dundgovi,1999,-0.09210528471273904
Dundgovi,2000,-0.9302345547352635
Dundgovi,2001,0.23633228240087742
Dundgovi,2002,-0.09993647131908187
Dundgovi,2003,1.4568175576299465
Dundgovi,2004,-0.12917440744012862
Dundgovi,2005,-0.8525169463100708
Dundgovi,2006,0.05261797188507462
Dundgovi,2007,-1.2172882223860186
Dundgovi,2008,-0.30108851497939065
Dundgovi,2009,-1.3980177884642546
Dundgovi,2010,-0.7290597446636757
Dundgovi,2011,0.417512798955834
Dundgovi,2012,-0.13330425813391536
Dundgovi,2013,-0.13882199463481576
Dundgovi,2014,0.033841101143057634
Dundgovi,2015,-0.43375437189696336
Dundgovi,2016,0.4378475746373609
Dundgovi,2017,-1.2134386538889925
Dundgovi,2018,-0.6781491030786446
Dundgovi,2019,-0.8000241796316448
Dundgovi,2020,-1.3692878577108563
Dundgovi,2021,-0.14620626859176655
Dundgovi,2022,-0.5487440435096522
Dundgovi,2023,-0.11795598203573393
Dundgovi,2024,-0.033349752031235504
Govi-Altai,1950,-0.12323882900656405
Govi-Altai,1951,-0.7964502713862747
Govi-Altai,1952,-1.0444325260447445
Govi-Altai,1953,-1.2329390535281366
Govi-Altai,1954,-0.06973853695969003
Govi-Altai,1955,0.43734277557362283
Govi-Altai,1956,-0.19127309388285782
Govi-Altai,1957,-0.8802303040415879
Govi-Altai,1958,0.1528322817277231
Govi-Altai,1959,-0.0462881312926235
Govi-Altai,1960,-0.25588392182189157
Govi-Altai,1961,0.1151238107077809
Govi-Altai,1962,-0.21485471819555713
Govi-Altai,1963,0.10673455093248727
Govi-Altai,1964,0.43907640276124366
Govi-Altai,1965,-0.47184743005645047
Govi-Altai,1966,-0.3523509541105626
Govi-Altai,1967,-0.9101998221689429
Govi-Altai,1968,-0.3901217935895833
Govi-Altai,1969,0.4354859754753616
Govi-Altai,1970,0.007437548908506947
Govi-Altai,1971,0.6996285641533787
Govi-Altai,1972,-0.26648518794882675
Govi-Altai,1973,0.6598537980433721
Govi-Altai,1974,-1.0174350970870019
Govi-Altai,1975,0.9964144610584414
Govi-Altai,1976,1.2047502994105659
Govi-Altai,1977,0.8902350973656783
Govi-Altai,1978,0.5705405348669106
Govi-Altai,1979,1.4457370245002739
Govi-Altai,1980,-0.8266388066582304
Govi-Altai,1981,-0.04877204203113964
Govi-Altai,1982,-0.33750350311258015
Govi-Altai,1983,0.34103987650128753
Govi-Altai,1984,1.4582637901720692
Govi-Altai,1985,-0.8984486381520796
Govi-Altai,1986,-0.15063229037460918
Govi-Altai,1987,1.0863194000183969
Govi-Altai,1988,-0.12500528530964128
Govi-Altai,1989,-0.5994743369826401
Govi-Altai,1990,0.4307170514074594
Govi-Altai,1991,-0.09141173607410076
Govi-Altai,1992,0.41675836979006564
Govi-Altai,1993,1.4866996718623156
Govi-Altai,1994,0.8788260122434227
Govi-Altai,1995,0.28604305484503756
Govi-Altai,1996,0.3838851775419546
Govi-Altai,1997,0.24380289593684668
Govi-Altai,1998,0.3763144703213894
Govi-Altai,1999,0.4729790030040746
Govi-Altai,2000,0.3902641505255017
Govi-Altai,2001,-0.7667716522095128
Govi-Altai,2002,-0.18479085794994946
Govi-Altai,2003,1.6251830200564614
Govi-Altai,2004,-0.7252081789311788
Govi-Altai,2005,-0.37037944852551546
Govi-Altai,2006,-0.3408077683432627
Govi-Altai,2007,-0.6762520392150189
Govi-Altai,2008,-1.141285675805671
Govi-Altai,2009,-1.5693453737209246
Govi-Altai,2010,-0.07317577249795573
Govi-Altai,2011,-0.013441944837604091
Govi-Altai,2012,-0.4239493069957231
Govi-Altai,2013,-0.2712057541994244
Govi-Altai,2014,0.25603596778804144
Govi-Altai,2015,1.125073120830294
Govi-Altai,2016,0.824167198020174
Govi-Altai,2017,-1.3921640958528465
Govi-Altai,2018,-0.5080332275379169
Govi-Altai,2019,-0.20310074616657028
Govi-Altai,2020,-0.8251942536217822
Govi-Altai,2021,-0.6252625140476288
Govi-Altai,2022,-2.782629564931187
Govi-Altai,2023,-0.557364075459209
Govi-Altai,2024,-1.5369542191593102
Govisumber,1950,2.6667681842997553
Govisumber,1951,0.3226356883333824
Govisumber,1952,0.7925117136665089
Govisumber,1953,0.4167073259973062
Govisumber,1954,2.4272767884033044
Govisumber,1955,1.3015280254204673
Govisumber,1956,1.359345378413321
Govisumber,1957,0.4363691035259434
Govisumber,1958,1.4753427042103495
Govisumber,1959,1.8185265033204419
Govisumber,1960,1.7635460168027448
Govisumber,1961,0.11833865361754009
Govisumber,1962,0.6444836012463017
Govisumber,1963,0.4921915253368825
Govisumber,1964,0.9202614765198043
Govisumber,1965,-0.07038123948213952
Govisumber,1966,0.27461760804135443
Govisumber,1967,2.09936001028043
Govisumber,1968,-0.2777016336245572
Govisumber,1969,0.21657890469537885
Govisumber,1970,0.5234718163288248
Govisumber,1971,2.050914254413123
Govisumber,1972,0.8066885986991932
Govisumber,1973,2.052570496168205
Govisumber,1974,0.513615700809764
Govisumber,1975,1.502960722434719
Govisumber,1976,1.9722131056464953
Govisumber,1977,2.1718054257467356
Govisumber,1978,1.2835428212096922
Govisumber,1979,1.2774012615173183
Govisumber,1980,1.0761183291685474
Govisumber,1981,0.959931812327943
Govisumber,1982,0.8641526227813865
Govisumber,1983,1.2472426284192248
Govisumber,1984,1.3904539081288467
Govisumber,1985,1.7671333734668235
Govisumber,1986,1.6618926198138444
Govisumber,1987,1.1605595511386164
Govisumber,1988,1.1292425066213896
Govisumber,1989,0.0921786368880111
Govisumber,1990,1.9916587918025466
Govisumber,1991,0.6520806327284198
Govisumber,1992,0.8576766389414484
Govisumber,1993,1.4803372097160516
Govisumber,1994,0.6209317261474754
Govisumber,1995,0.17218080215088086
Govisumber,1996,0.7000081143837961
Govisumber,1997,0.7030456659169313
Govisumber,1998,0.6477183939522971
Govisumber,1999,1.3107142308899542
Govisumber,2000,-0.9071947963257397
Govisumber,2001,-0.7758113495572478
Govisumber,2002,-0.4047210706427329
Govisumber,2003,0.7503677340028977
Govisumber,2004,-0.1426707270332416
Govisumber,2005,-0.5463908422562048
Govisumber,2006,-0.423990784584554
Govisumber,2007,-1.8088551986103218
Govisumber,2008,-0.43902810859815955
Govisumber,2009,-0.8140289371132959
Govisumber,2010,-0.378927319107828
Govisumber,2011,1.2674359395303227
Govisumber,2012,0.49035440686302595
Govisumber,2013,-0.062364808375314634
Govisumber,2014,0.6819837307210782
Govisumber,2015,-1.0132886274221746
Govisumber,2016,-0.12349382531445226
Govisumber,2017,-1.614245492028172
Govisumber,2018,-0.4031450977436545
Govisumber,2019,-0.5377918413647779
Govisumber,2020,-0.3570638612184899
Govisumber,2021,0.21286620261745556
Govisumber,2022,-0.34807848274391084
Govisumber,2023,-0.2731014653011822
Govisumber,2024,0.7988972162685257
Khentii,1950,2.4439932206618384
Khentii,1951,0.9186679490681874
Khentii,1952,0.8815096372968942
Khentii,1953,1.1639185135430903
Khentii,1954,1.9451806165981087
Khentii,1955,0.9371133996395599
Khentii,1956,0.5942178561128554
Khentii,1957,0.8023582860506449
Khentii,1958,1.3070009225221473
Khentii,1959,1.9192490818342518
Khentii,1960,1.1492319341100847
Khentii,1961,-0.30549059145674673
Khentii,1962,0.45876210820565466
Khentii,1963,0.6556129413612645
Khentii,1964,0.8061288748549985
Khentii,1965,-0.20831405206069575
Khentii,1966,0.23023788155847577
Khentii,1967,2.125709460110973
Khentii,1968,0.27794502945856725
Khentii,1969,0.23281511146369843
Khentii,1970,0.4321040763759575
Khentii,1971,1.8138948541122175
Khentii,1972,0.2298375883875224
Khentii,1973,1.790029263410577
Khentii,1974,0.7158508944194927
Khentii,1975,1.8185218127053542
Khentii,1976,1.0548559723541433
Khentii,1977,1.8765852639994614
Khentii,1978,1.1835636070438762
Khentii,1979,0.7996556588074033
Khentii,1980,0.76187941142341
Khentii,1981,0.5833407447833951
Khentii,1982,0.6969240565016932
Khentii,1983,0.782108555386612
Khentii,1984,1.6082576669765665
Khentii,1985,1.6816394035351039
Khentii,1986,0.6754493774219329
Khentii,1987,0.5251822831843256
Khentii,1988,1.2883780643732718
Khentii,1989,0.5497522339735387
Khentii,1990,1.9129810395496003
Khentii,1991,0.8794054362503234
Khentii,1992,0.16135492895562034
Khentii,1993,1.0979764255214608
Khentii,1994,0.32444757186986156
Khentii,1995,0.864075270447097
Khentii,1996,0.7686742415689867
Khentii,1997,-0.24907088942491618
Khentii,1998,0.9940678689833583
Khentii,1999,0.2135843204046885
Khentii,2000,-1.154447821250136
Khentii,2001,-0.5631843225867464
Khentii,2002,0.08666017548602468
Khentii,2003,-0.2501040276098616
Khentii,2004,-0.5039971256277266
Khentii,2005,0.5114639379526734
Khentii,2006,-0.43665187797230676
Khentii,2007,-1.6694488509477876
Khentii,2008,0.39455114196201013
Khentii,2009,-0.11306004890257632
Khentii,2010,-0.30865110162104054
Khentii,2011,-0.014448650994366525
Khentii,2012,0.5525160766029771
Khentii,2013,0.30647751501294873
Khentii,2014,1.2483715710150014
Khentii,2015,-1.0983120356982428
Khentii,2016,-0.5625019526389775
Khentii,2017,-1.4585674196511973
Khentii,2018,-0.16175656206552635
Khentii,2019,0.04236733842660067
Khentii,2020,0.8251663979690962
Khentii,2021,0.8221950493223156
Khentii,2022,0.5408926193880075
Khentii,2023,-0.09344969667358145
Khentii,2024,1.6609563504654523
Khovd,1950,-0.8356284453887838
Khovd,1951,-0.6477199219319212
Khovd,1952,-1.159280905047125
Khovd,1953,-1.9694549629291191
Khovd,1954,-0.46353059835565946
Khovd,1955,-0.5098561304194396
Khovd,1956,0.04433911673001914
Khovd,1957,-0.8789078164576014
Khovd,1958,0.612827549497706
Khovd,1959,0.11767769438169172
Khovd,1960,-0.07613724123989882
Khovd,1961,0.6923360204623881
Khovd,1962,-0.7193595516224732
Khovd,1963,0.13209440081198923
Khovd,1964,-0.34549164991997316
Khovd,1965,-1.1602402811836086
Khovd,1966,-0.3178845795901906
Khovd,1967,-0.6328957735705986
Khovd,1968,-0.706877223099989
Khovd,1969,1.2598359025084647
Khovd,1970,0.5287694992992463
Khovd,1971,0.7713276303450266
Khovd,1972,-0.5480533586626654
Khovd,1973,0.3159496800470507
Khovd,1974,-1.2582806529685335
Khovd,1975,0.3724783470691439
Khovd,1976,0.9750954150436671
Khovd,1977,0.09540206418561938
Khovd,1978,0.33845314983449165
Khovd,1979,0.5858851885230877
Khovd,1980,-0.39625403191987296
Khovd,1981,-0.1496284226841979
Khovd,1982,-0.5024128714874131
Khovd,1983,1.0199707369455588
Khovd,1984,1.4078406772031589
Khovd,1985,-0.7312363581200673
Khovd,1986,0.7835614135820593
Khovd,1987,1.762844802675959
Khovd,1988,0.30661768924460736
Khovd,1989,-0.3861236077669601
Khovd,1990,0.17098958798043212
Khovd,1991,0.10773551673197956
Khovd,1992,0.07758835593166948
Khovd,1993,1.5519257524812768
Khovd,1994,1.5365567986989552
Khovd,1995,0.48626640540283156
Khovd,1996,0.43576771022315497
Khovd,1997,0.29091225274956645
Khovd,1998,0.48603470089458123
Khovd,1999,0.6344403832140378
Khovd,2000,0.29543378133091375
Khovd,2001,-1.0134838639537487
Khovd,2002,-0.5376366153618384
Khovd,2003,1.4045001253616047
Khovd,2004,-0.5729128187252578
Khovd,2005,0.09882554961748216
Khovd,2006,-0.3122861603463933
Khovd,2007,-1.084918975171406
Khovd,2008,-1.2445052140718964
Khovd,2009,-0.9246362547259962
Khovd,2010,-0.04892444051583943
Khovd,2011,-0.32861267481964956
Khovd,2012,-0.2852951121708572
Khovd,2013,-0.09810634762553788
Khovd,2014,-0.380134859442809
Khovd,2015,0.6918324269577245
Khovd,2016,0.2649114840234752
Khovd,2017,-1.2172044114537797
Khovd,2018,-0.5629713032418583
Khovd,2019,-0.24876546985540846
Khovd,2020,-0.4417947825316326
Khovd,2021,-1.2761431562572814
Khovd,2022,-3.1116352306460935
Khovd,2023,-1.1164177159069537
Khovd,2024,-1.646325233521692
Khuvsgul,1950,2.3410786671155455
Khuvsgul,1951,0.09163239056281934
Khuvsgul,1952,1.2585989707608398
Khuvsgul,1953,0.10739179571301337
Khuvsgul,1954,0.22870349952991412
Khuvsgul,1955,0.1924533405402031
Khuvsgul,1956,1.2277417397300254
Khuvsgul,1957,-0.1837365454679363
Khuvsgul,1958,0.8634383565764423
Khuvsgul,1959,1.006906610560623
Khuvsgul,1960,0.8240232758030582
Khuvsgul,1961,0.5471352741104152
Khuvsgul,1962,0.34407704659763444
Khuvsgul,1963,0.45565748570907083
Khuvsgul,1964,0.1455598712606011
Khuvsgul,1965,0.6594059116914341
Khuvsgul,1966,0.5485687089292385
Khuvsgul,1967,1.3217541191307352
Khuvsgul,1968,-0.3464556405659928
Khuvsgul,1969,-0.31097396625562285
Khuvsgul,1970,-0.7353922782814556
Khuvsgul,1971,0.5731671296051963
Khuvsgul,1972,0.2632665510380708
Khuvsgul,1973,1.184302477291134
Khuvsgul,1974,-0.8326364719055841
Khuvsgul,1975,0.29902092552841447
Khuvsgul,1976,0.37008299075155265
Khuvsgul,1977,0.6004948201042927
Khuvsgul,1978,-0.752288033832223
Khuvsgul,1979,-0.4188861526984914
Khuvsgul,1980,-0.11546573367737026
Khuvsgul,1981,0.1326333525849561
Khuvsgul,1982,0.8097925381398664
Khuvsgul,1983,1.5844391781367544
Khuvsgul,1984,1.1108906556399172
Khuvsgul,1985,0.27490628244723725
Khuvsgul,1986,1.5675194670943922
Khuvsgul,1987,0.44483673303781274
Khuvsgul,1988,0.16831823286621894
Khuvsgul,1989,0.9542851603426852
Khuvsgul,1990,1.1668501088424483
Khuvsgul,1991,0.6539543989509384
Khuvsgul,1992,0.36295392404173693
Khuvsgul,1993,1.3296709955089543
Khuvsgul,1994,1.6808596244470402
Khuvsgul,1995,-0.17257967766350132
Khuvsgul,1996,-0.2783868268920513
Khuvsgul,1997,-0.14792488687168645
Khuvsgul,1998,0.42581094038768835
Khuvsgul,1999,-0.6305881835504463
Khuvsgul,2000,-0.6721608903801025
Khuvsgul,2001,0.29303393300083946
Khuvsgul,2002,-1.0514757865812485
Khuvsgul,2003,0.5086372173055697
Khuvsgul,2004,-0.03905442710481293
Khuvsgul,2005,-0.29236356886340353
Khuvsgul,2006,0.8787773882181354
Khuvsgul,2007,-0.2699935735493527
Khuvsgul,2008,0.008143999141565172
Khuvsgul,2009,-0.4687895961083978
Khuvsgul,2010,-0.45552368000422283
Khuvsgul,2011,-0.24591146946432912
Khuvsgul,2012,-0.3759477960116881
Khuvsgul,2013,-0.13284924670802695
Khuvsgul,2014,-0.3506452196123399
Khuvsgul,2015,-1.304953078174012
Khuvsgul,2016,0.7357050659048625
Khuvsgul,2017,-1.4647432723061113
Khuvsgul,2018,-0.2524916910655399
Khuvsgul,2019,1.0214560540302164
Khuvsgul,2020,0.23394919949677156
Khuvsgul,2021,1.2303211638864713
Khuvsgul,2022,-1.3430308525562726
Khuvsgul,2023,0.5543864722481265
Khuvsgul,2024,-0.7045314393484088
Orkhon,1950,3.036746108765554
Orkhon,1951,-0.06916764948146087
Orkhon,1952,1.06542499838582
Orkhon,1953,1.1867634462567451
Orkhon,1954,0.6327704627535994
Orkhon,1955,0.15389843874152082
Orkhon,1956,1.7176232794159725
Orkhon,1957,0.7661951390342878
Orkhon,1958,0.20246014877121032
Orkhon,1959,1.2545065950443823
Orkhon,1960,0.9780563398785188
Orkhon,1961,0.009743594536726038
Orkhon,1962,0.693112130937983
Orkhon,1963,1.3559463001853953
Orkhon,1964,2.262942481380756
Orkhon,1965,0.8237889091744175
Orkhon,1966,0.747749770142478
Orkhon,1967,1.5747087452804338
Orkhon,1968,0.47290732413199255
Orkhon,1969,0.47865590343002107
Orkhon,1970,0.05546074062773757
Orkhon,1971,2.5773636170152927
Orkhon,1972,0.45494547981566225
Orkhon,1973,2.138301936960662
Orkhon,1974,0.23177718173575898
Orkhon,1975,0.8565547631684484
Orkhon,1976,1.6815865837778716
Orkhon,1977,0.13104137638598934
Orkhon,1978,0.5880833107273188
Orkhon,1979,0.027185458809749968
Orkhon,1980,-0.7805776372283733
Orkhon,1981,0.5279947982347529
Orkhon,1982,1.3959121733214588
Orkhon,1983,1.1791062724558186
Orkhon,1984,0.5288361519347617
Orkhon,1985,1.5314407853119423
Orkhon,1986,0.5855230684752478
Orkhon,1987,0.04506665817946698
Orkhon,1988,1.0818082843849302
Orkhon,1989,0.22722818762857508
Orkhon,1990,1.516323526787083
Orkhon,1991,0.7214760718344513
Orkhon,1992,0.5306436208727238
Orkhon,1993,1.5005625862720937
Orkhon,1994,2.199979197767344
Orkhon,1995,0.1787924044709812
Orkhon,1996,-0.5645038098727535
Orkhon,1997,0.4608502016270084
Orkhon,1998,1.041425484204158
Orkhon,1999,-0.038234924199991804
Orkhon,2000,-0.20955576142711818
Orkhon,2001,0.058231441556249784
Orkhon,2002,-1.5480507096805012
Orkhon,2003,-0.4351181130080666
Orkhon,2004,0.25304229518766874
Orkhon,2005,-0.22139808347680656
Orkhon,2006,0.2002161718233791
Orkhon,2007,-0.04933851343023707
Orkhon,2008,1.3832169651219053
Orkhon,2009,-0.7523932817906269
Orkhon,2010,-1.017022973698257
Orkhon,2011,-0.19714396978510204
Orkhon,2012,0.45718271993969434
Orkhon,2013,0.3639968313605433
Orkhon,2014,-0.6312470372851212
Orkhon,2015,-0.8497830954052685
Orkhon,2016,0.4316301861907637
Orkhon,2017,-1.9452227982834167
Orkhon,2018,-1.2121140770711205
Orkhon,2019,-0.016298478289540397
Orkhon,2020,-0.9561087325860754
Orkhon,2021,1.819202697527096
Orkhon,2022,0.12005706175783797
Orkhon,2023,1.4442703103320025
Orkhon,2024,0.655600248495519
Selenge,1950,2.3853294681048753
Selenge,1951,-0.05435871019615152
Selenge,1952,1.0576430881678116
Selenge,1953,0.389206282845083
Selenge,1954,-0.15312191520345728
Selenge,1955,0.004882048676677688
Selenge,1956,0.13651795897610616
Selenge,1957,0.585002557051427
Selenge,1958,-0.5801793931967231
Selenge,1959,1.1463069706120665
Selenge,1960,0.28474396089317555
Selenge,1961,-0.34468995365004407
Selenge,1962,0.556459004998859
Selenge,1963,0.7124263346533997
Selenge,1964,1.8000200932439085
Selenge,1965,0.09642190519120923
Selenge,1966,1.076803160590172
Selenge,1967,2.0207936955033867
Selenge,1968,0.7017194090486987
Selenge,1969,-0.48238310809626567
Selenge,1970,0.5870071456403901
Selenge,1971,2.762128766988127
Selenge,1972,-0.2072507716772079
Selenge,1973,2.1496690102737785
Selenge,1974,0.2803280830712466
Selenge,1975,1.291605851071089
Selenge,1976,0.8125646426157054
Selenge,1977,-0.12325779648971172
Selenge,1978,0.9479207535434032
Selenge,1979,-0.5566948433276824
Selenge,1980,-0.9018190661569371
Selenge,1981,0.6906341256213481
Selenge,1982,1.4812562695602196
Selenge,1983,1.72992674838059
Selenge,1984,0.6638849484626411
Selenge,1985,1.9475424422773746
Selenge,1986,0.6007074446380218
Selenge,1987,0.13226348787721728
Selenge,1988,1.989039133281686
Selenge,1989,-0.03285864326820949
Selenge,1990,1.4346954671385594
Selenge,1991,1.3727148687943511
Selenge,1992,0.31938658141929754
Selenge,1993,1.2050038007767025
Selenge,1994,1.090092893984516
Selenge,1995,0.5020176126345105
Selenge,1996,-0.309994060863404
Selenge,1997,0.4056587077630128
Selenge,1998,1.412657526084877
Selenge,1999,-0.34610515086604127
Selenge,2000,-0.00856152528363964
Selenge,2001,-0.8732821407878628
Selenge,2002,-0.7337311121324799
Selenge,2003,-0.24341704472423228
Selenge,2004,0.21725140902103218
Selenge,2005,0.12102257704197222
Selenge,2006,0.15180819703859766
Selenge,2007,0.03812505196447953
Selenge,2008,1.099743014313072
Selenge,2009,-0.1433461229794168
Selenge,2010,-0.9737568666191792
Selenge,2011,-0.08655136101828638
Selenge,2012,0.5002397914149512
Selenge,2013,0.03588221289724478
Selenge,2014,-0.42638084940958815
Selenge,2015,-1.384488349933902
Selenge,2016,-0.23072947670496913
Selenge,2017,-1.9949673855269543
Selenge,2018,-0.5361093753259943
Selenge,2019,-0.22132644832762827
Selenge,2020,0.02403419748372735
Selenge,2021,1.910122728928376
Selenge,2022,0.16444692730129754
Selenge,2023,0.7931148246659618
Selenge,2024,0.7721778240148397
Sukhbaatar,1950,1.9080970336747745
Sukhbaatar,1951,0.3936874652678355
Sukhbaatar,1952,1.2563806450785038
Sukhbaatar,1953,1.3054134725631454
Sukhbaatar,1954,1.9579400838083096
Sukhbaatar,1955,1.09883049885202
Sukhbaatar,1956,0.3265128186865571
Sukhbaatar,1957,0.9458984434283052
Sukhbaatar,1958,0.42677198241319736
Sukhbaatar,1959,1.5915376251061568
Sukhbaatar,1960,0.9107744961577835
Sukhbaatar,1961,-0.4925787381151472
Sukhbaatar,1962,0.07002136906182571
Sukhbaatar,1963,-0.21751097498566643
Sukhbaatar,1964,-0.3422192887046277
Sukhbaatar,1965,-0.7270730230328335
Sukhbaatar,1966,-0.8231920140550681
Sukhbaatar,1967,1.7643807888637086
Sukhbaatar,1968,-1.07475366975979
Sukhbaatar,1969,0.34080634495978374
Sukhbaatar,1970,0.4184433116407703
Sukhbaatar,1971,0.5067406079908514
Sukhbaatar,1972,-0.023571928153625868
Sukhbaatar,1973,1.2194156039654145
Sukhbaatar,1974,0.6380909884976993
Sukhbaatar,1975,0.9260375386209663
Sukhbaatar,1976,1.1407860517197408
Sukhbaatar,1977,1.5171673859405344
Sukhbaatar,1978,0.2594811413004957
Sukhbaatar,1979,0.6685388917822673
Sukhbaatar,1980,0.37155609162964087
Sukhbaatar,1981,0.20543789543829694
Sukhbaatar,1982,0.12259900468219262
Sukhbaatar,1983,0.3425314046829104
Sukhbaatar,1984,1.1586446289887298
Sukhbaatar,1985,0.347386123825964
Sukhbaatar,1986,-0.24240159173014794
Sukhbaatar,1987,0.12409758172866112
Sukhbaatar,1988,0.3618478234504968
Sukhbaatar,1989,0.2967154889113275
Sukhbaatar,1990,1.5832968237073095
Sukhbaatar,1991,0.6883742072234732
Sukhbaatar,1992,0.5309986818839622
Sukhbaatar,1993,0.699732016883832
Sukhbaatar,1994,0.25944601959722957
Sukhbaatar,1995,-0.3095707483561921
Sukhbaatar,1996,0.6300136627732915
Sukhbaatar,1997,0.4667439461133554
Sukhbaatar,1998,1.924618494749005
Sukhbaatar,1999,-0.3237023948630772
Sukhbaatar,2000,-1.009484241237687
Sukhbaatar,2001,-0.5891331894643467
Sukhbaatar,2002,0.9289046003434432
Sukhbaatar,2003,0.31181115229995787
Sukhbaatar,2004,-0.78158811266096
Sukhbaatar,2005,-0.056631554313248074
Sukhbaatar,2006,-0.22344921299548856
Sukhbaatar,2007,-1.8487250829748139
Sukhbaatar,2008,0.8115186159591666
Sukhbaatar,2009,-0.4553911574662119
Sukhbaatar,2010,-0.7142049539218019
Sukhbaatar,2011,0.33571094216119557
Sukhbaatar,2012,1.2293374859120916
Sukhbaatar,2013,0.20017680527613382
Sukhbaatar,2014,0.5648389940027498
Sukhbaatar,2015,-0.3842443351549364
Sukhbaatar,2016,-0.4589158893658011
Sukhbaatar,2017,-1.5716673680643602
Sukhbaatar,2018,-0.5692328311785184
Sukhbaatar,2019,-0.32127103390282025
Sukhbaatar,2020,0.41880611850072447
Sukhbaatar,2021,0.13345362597782562
Sukhbaatar,2022,-0.5066448697288853
Sukhbaatar,2023,-0.43116239563285846
Sukhbaatar,2024,-0.06909010327218618
Tuv,1950,2.6395360293308348
Tuv,1951,-0.2572248435321871
Tuv,1952,0.42582900225682235
Tuv,1953,0.4257513350436957
Tuv,1954,1.6605399064269901
Tuv,1955,0.9021885549022806
Tuv,1956,1.0637814580754974
Tuv,1957,0.6098470297785901
Tuv,1958,1.3562123594661954
Tuv,1959,1.3914990656711645
Tuv,1960,1.0616539600097146
Tuv,1961,0.3662878443488462
Tuv,1962,0.6964667055662042
Tuv,1963,0.6578413737921133
Tuv,1964,1.9845067445246785
Tuv,1965,0.3868773672981295
Tuv,1966,1.2617705149591045
Tuv,1967,2.3483135715173806
Tuv,1968,0.4221152828197182
Tuv,1969,0.172502485873121
Tuv,1970,0.5652789129681638
Tuv,1971,2.864068116016617
Tuv,1972,0.08706536217828105
Tuv,1973,2.046063504641132
Tuv,1974,0.10396650729398271
Tuv,1975,1.609557406866467
Tuv,1976,1.9315351695180611
Tuv,1977,0.5237510109517577
Tuv,1978,0.7052556314781211
Tuv,1979,0.7014245990925075
Tuv,1980,0.09468640948203991
Tuv,1981,0.11317595060271078
Tuv,1982,1.2842947881043427
Tuv,1983,1.7414671429065998
Tuv,1984,0.9522869518962038
Tuv,1985,1.8019155550772061
Tuv,1986,1.2505788091119148
Tuv,1987,0.6402052576148786
Tuv,1988,1.525610812545887
Tuv,1989,0.07602053343873104
Tuv,1990,1.6993333038096385
Tuv,1991,0.7980186816490176
Tuv,1992,0.6206027297406567
Tuv,1993,1.7443944895128645
Tuv,1994,1.3981014348848129
Tuv,1995,0.9830644073317071
Tuv,1996,0.19226870572664057
Tuv,1997,0.013504222185555675
Tuv,1998,0.4294993790793994
Tuv,1999,0.13664342932563844
Tuv,2000,-0.5821946371566388
Tuv,2001,-0.26086450400537153
Tuv,2002,-0.7440176160904933
Tuv,2003,0.267098076053727
Tuv,2004,-0.20148873474334517
Tuv,2005,-0.3928403491504025
Tuv,2006,-0.05553831093607401
Tuv,2007,-0.7476184298080264
Tuv,2008,0.4663028540447358
Tuv,2009,-0.52077900375274
Tuv,2010,-0.9573707810333162
Tuv,2011,0.4354775189342903
Tuv,2012,0.08582757360257695
Tuv,2013,0.03329045568211111
Tuv,2014,0.30169405861901283
Tuv,2015,-1.2508418984474665
Tuv,2016,-0.266708690062847
Tuv,2017,-1.9295233692192426
Tuv,2018,-0.6394779126182922
Tuv,2019,-0.4130826152842475
Tuv,2020,-0.37425503385918696
Tuv,2021,0.4641640865062082
Tuv,2022,-0.013288196834936147
Tuv,2023,0.32120948405909233
Tuv,2024,0.5444173803919418
Umnugovi,1950,1.178359900405841
Umnugovi,1951,-0.0944311244588527
Umnugovi,1952,0.35232718867761853
Umnugovi,1953,0.4357850713253327
Umnugovi,1954,1.3433681925575605
Umnugovi,1955,1.6507692928755422
Umnugovi,1956,0.7924523968423176
Umnugovi,1957,0.18111296880111769
Umnugovi,1958,1.1833036514070854
Umnugovi,1959,0.3066388223288376
Umnugovi,1960,0.2677928381032285
Umnugovi,1961,-0.40921041879246717
Umnugovi,1962,0.2560563769364683
Umnugovi,1963,0.012121806396030325
Umnugovi,1964,0.9331499173486103
Umnugovi,1965,-0.5746163781608368
Umnugovi,1966,0.2217093186538835
Umnugovi,1967,0.48297140196535865
Umnugovi,1968,0.025477348192806348
Umnugovi,1969,0.9446509686577059
Umnugovi,1970,-0.23399310723171932
Umnugovi,1971,1.0475114265455
Umnugovi,1972,-1.0000850529213339
Umnugovi,1973,0.8163648458873749
Umnugovi,1974,0.5320999458529548
Umnugovi,1975,0.9826175021428132
Umnugovi,1976,1.2211973395418294
Umnugovi,1977,1.765238395706876
Umnugovi,1978,0.1661069073249045
Umnugovi,1979,1.4434102543120975
Umnugovi,1980,-0.1678425482480478
Umnugovi,1981,0.41077968514141033
Umnugovi,1982,-0.1757081265654076
Umnugovi,1983,0.6755354065619417
Umnugovi,1984,0.6145086710807691
Umnugovi,1985,0.17674152080887393
Umnugovi,1986,-0.20385560166578415
Umnugovi,1987,-0.03193495286962264
Umnugovi,1988,-0.06429401074297048
Umnugovi,1989,-0.41887107999699325
Umnugovi,1990,0.7511308281205478
Umnugovi,1991,0.0566680880377865
Umnugovi,1992,0.6916993261064154
Umnugovi,1993,1.254546711681579
Umnugovi,1994,0.768609299457434
Umnugovi,1995,0.3846826632560528
Umnugovi,1996,1.080127846687526
Umnugovi,1997,0.5919175129164341
Umnugovi,1998,0.3575345375146236
Umnugovi,1999,-0.024955632584319126
Umnugovi,2000,-0.21729135069686187
Umnugovi,2001,-0.7202881814959412
Umnugovi,2002,0.2789172801680647
Umnugovi,2003,1.2542441283065664
Umnugovi,2004,0.10510969348180724
Umnugovi,2005,-1.138803658502805
Umnugovi,2006,-0.5143046607364661
Umnugovi,2007,-0.5052779070200664
Umnugovi,2008,-0.37209552147249103
Umnugovi,2009,-1.7367851368008889
Umnugovi,2010,-0.6764113965336567
Umnugovi,2011,-0.6316373558069924
Umnugovi,2012,0.014606969756139366
Umnugovi,2013,-0.5959998595318824
Umnugovi,2014,0.6923898951065938
Umnugovi,2015,0.20788779039306077
Umnugovi,2016,0.7766422128485324
Umnugovi,2017,-1.1888496546890002
Umnugovi,2018,-0.4210725054283943
Umnugovi,2019,-0.15584574546842458
Umnugovi,2020,-1.1503498542704287
Umnugovi,2021,-0.30753432512771284
Umnugovi,2022,-1.57903118614415
Umnugovi,2023,-0.9476953516528359
Umnugovi,2024,-0.6926310257075546
Uvs,1950,0.6392042976937178
Uvs,1951,0.14009512382555758
Uvs,1952,0.5974029987565778
Uvs,1953,-0.2639132925948876
Uvs,1954,0.8201582820709054
Uvs,1955,-0.7440301447208586
Uvs,1956,0.8486330375150286
Uvs,1957,-0.6634499098347398
Uvs,1958,1.1600289823781473
Uvs,1959,0.656326137159824
Uvs,1960,0.2021812082597933
Uvs,1961,1.3294531267533765
Uvs,1962,0.36884182937615034
Uvs,1963,0.38794418762954835
Uvs,1964,0.21719991115025641
Uvs,1965,-0.41225465591436417
Uvs,1966,0.41078467036502797
Uvs,1967,1.2937718958584803
Uvs,1968,-0.8881947518992683
Uvs,1969,0.8947873696755414
Uvs,1970,0.4894384792470704
Uvs,1971,0.2209744249441535
Uvs,1972,0.27659814205928984
Uvs,1973,0.2379685433156606
Uvs,1974,-0.7341761890740577
Uvs,1975,-0.6825091847979172
Uvs,1976,0.6321698072193866
Uvs,1977,0.07437605143028735
Uvs,1978,-0.5745010068316151
Uvs,1979,0.18977276818459984
Uvs,1980,0.3231697867764095
Uvs,1981,-0.6873354992385163
Uvs,1982,0.4718311233544338
Uvs,1983,1.2350148385586348
Uvs,1984,1.3463349224529153
Uvs,1985,1.0961255622041284
Uvs,1986,1.5967295838934101
Uvs,1987,1.0502234198193636
Uvs,1988,0.9463142451629062
Uvs,1989,0.6457596654412826
Uvs,1990,0.6338233412885599
Uvs,1991,0.7637858783841627
Uvs,1992,0.038158545498523246
Uvs,1993,1.9086373229321456
Uvs,1994,1.7622619467481897
Uvs,1995,0.641795262176015
Uvs,1996,0.4729038448330148
Uvs,1997,1.0011244749315247
Uvs,1998,0.36776656161592697
Uvs,1999,-0.589158385517685
Uvs,2000,0.8304576047573745
Uvs,2001,-0.7778247715125839
Uvs,2002,-0.6841780389832345
Uvs,2003,0.49220822794040986
Uvs,2004,-0.5640651446960783
Uvs,2005,0.019256882694233462
Uvs,2006,0.4121095630171529
Uvs,2007,-0.8082945898626658
Uvs,2008,-0.6656041111959262
Uvs,2009,-0.31021921177816264
Uvs,2010,0.061263893808668715
Uvs,2011,-0.5376228445409935
Uvs,2012,-0.5690299021530608
Uvs,2013,-0.13091238853223477
Uvs,2014,-0.8092395422329263
Uvs,2015,-1.058258276390002
Uvs,2016,0.27793041577748306
Uvs,2017,-1.5499971860383657
Uvs,2018,-0.5535261768120032
Uvs,2019,0.5919299690451033
Uvs,2020,0.26000056677776695
Uvs,2021,-0.33417467146950125
Uvs,2022,-1.9241642905528105
Uvs,2023,-0.6473509153109274
Uvs,2024,-1.2308202737032634
Uvurkhangai,1950,1.6077336641367481
Uvurkhangai,1951,-0.04392899887897464
Uvurkhangai,1952,-0.1423798572957634
Uvurkhangai,1953,0.029062775938024546
Uvurkhangai,1954,1.4297631115433265
Uvurkhangai,1955,1.3711496278861162
Uvurkhangai,1956,1.1438272026449992
Uvurkhangai,1957,0.4181127145578333
Uvurkhangai,1958,1.3351891873111503
Uvurkhangai,1959,1.2030074111571967
Uvurkhangai,1960,0.7391521011644474
Uvurkhangai,1961,0.3969504552985827
Uvurkhangai,1962,0.7626964914896368
Uvurkhangai,1963,0.8344073193548918
Uvurkhangai,1964,1.0073140470338662
Uvurkhangai,1965,0.18255328006739344
Uvurkhangai,1966,0.6973764068199771
Uvurkhangai,1967,0.7515430195917556
Uvurkhangai,1968,0.12274166921657731
Uvurkhangai,1969,0.64263677275308
Uvurkhangai,1970,-0.04088119064440575
Uvurkhangai,1971,1.291580623398605
Uvurkhangai,1972,0.15817868915521818
Uvurkhangai,1973,1.0780183515571373
Uvurkhangai,1974,0.5690219350912398
Uvurkhangai,1975,1.2039686956264883
Uvurkhangai,1976,1.7235300555890456
Uvurkhangai,1977,1.666042353938908
Uvurkhangai,1978,0.11939197152540652
Uvurkhangai,1979,0.48485360233349145
Uvurkhangai,1980,-0.13050252943813231
Uvurkhangai,1981,0.3580720825580311
Uvurkhangai,1982,0.7048495497096038
Uvurkhangai,1983,0.4877618447889751
Uvurkhangai,1984,0.27724108271196396
Uvurkhangai,1985,0.2962910260821259
Uvurkhangai,1986,-0.26818009623603034
Uvurkhangai,1987,1.0029421209600777
Uvurkhangai,1988,-0.16170261751328832
Uvurkhangai,1989,-0.20915594194559542
Uvurkhangai,1990,1.4777523259791912
Uvurkhangai,1991,0.45395784215465695
Uvurkhangai,1992,0.880626760532701
Uvurkhangai,1993,1.4032107122969566
Uvurkhangai,1994,1.6782243931024055
Uvurkhangai,1995,0.311877584298402
Uvurkhangai,1996,0.5816853745951582
Uvurkhangai,1997,-0.024369916868244555
Uvurkhangai,1998,0.2565850074998946
Uvurkhangai,1999,0.14178597474453095
Uvurkhangai,2000,-0.5852030735003723
Uvurkhangai,2001,-0.20216995767070306
Uvurkhangai,2002,-0.8831347753315719
Uvurkhangai,2003,1.2980057854327174
Uvurkhangai,2004,-0.2901149006908585
Uvurkhangai,2005,-0.6953633097108689
Uvurkhangai,2006,0.32220446826445753
Uvurkhangai,2007,-0.5230074254425154
Uvurkhangai,2008,-0.43675891460604044
Uvurkhangai,2009,-1.1289961955112657
Uvurkhangai,2010,-0.7581739932809289
Uvurkhangai,2011,0.003543879197191907
Uvurkhangai,2012,-0.4736696814388921
Uvurkhangai,2013,-0.5714171987899077
Uvurkhangai,2014,0.4927021619473488
Uvurkhangai,2015,-0.04930408082994505
Uvurkhangai,2016,1.2236375307507983
Uvurkhangai,2017,-1.7468667565486609
Uvurkhangai,2018,-0.8464158981538429
Uvurkhangai,2019,-0.5214681848261566
Uvurkhangai,2020,-1.667254729009003
Uvurkhangai,2021,0.1396006260987532
Uvurkhangai,2022,-1.4309668506391995
Uvurkhangai,2023,0.040281296768813694
Uvurkhangai,2024,-0.421226047411053
Zavkhan,1950,1.039711441039454
Zavkhan,1951,0.22133825428368864
Zavkhan,1952,-0.1173821182026695
Zavkhan,1953,-0.19973216565302226
Zavkhan,1954,0.5923654380371959
Zavkhan,1955,0.6574770164328108
Zavkhan,1956,0.9571160257252445
Zavkhan,1957,-0.3012416084442187
Zavkhan,1958,0.9176694685751955
Zavkhan,1959,1.2587137817883252
Zavkhan,1960,0.34590044731895775
Zavkhan,1961,0.9363540379989563
Zavkhan,1962,0.40115728843281395
Zavkhan,1963,0.8705923993838626
Zavkhan,1964,0.846804658085411
Zavkhan,1965,0.010441801001286926
Zavkhan,1966,0.5380470021461087
Zavkhan,1967,0.8143201252855213
Zavkhan,1968,-0.4758460810216391
Zavkhan,1969,0.6285370365901514
Zavkhan,1970,-0.16343649922926093
Zavkhan,1971,0.6992444734905543
Zavkhan,1972,0.10934747885114353
Zavkhan,1973,0.7245277296335725
Zavkhan,1974,-0.6286265254511004
Zavkhan,1975,0.563976748832342
Zavkhan,1976,1.028659078784931
Zavkhan,1977,0.380951682564939
Zavkhan,1978,0.4543634577529994
Zavkhan,1979,1.0216247063998374
Zavkhan,1980,0.05210647926392972
Zavkhan,1981,-0.1112555283795286
Zavkhan,1982,0.2402009488227553
Zavkhan,1983,1.1868844004160732
Zavkhan,1984,1.3704402351878846
Zavkhan,1985,0.2849686905019685
Zavkhan,1986,0.9546067471145104
Zavkhan,1987,1.2677104867584037
Zavkhan,1988,0.7253954290038589
Zavkhan,1989,0.5305909464475349
Zavkhan,1990,1.2580503234819183
Zavkhan,1991,0.5690534940614852
Zavkhan,1992,0.23221718506725067
Zavkhan,1993,2.171264334447307
Zavkhan,1994,1.7444287700654282
Zavkhan,1995,0.9209372299281049
Zavkhan,1996,0.33684221121483743
Zavkhan,1997,0.34645801441980917
Zavkhan,1998,0.8786642706449701
Zavkhan,1999,-0.5238495027160657
Zavkhan,2000,-0.09550583602419911
Zavkhan,2001,-0.32189484169990185
Zavkhan,2002,-0.8808245550177091
Zavkhan,2003,0.9106356893644738
Zavkhan,2004,-0.46424409400334166
Zavkhan,2005,0.29314238824914735
Zavkhan,2006,0.46851866897646627
Zavkhan,2007,-0.8704747003995381
Zavkhan,2008,-0.733543554459328
Zavkhan,2009,-0.8097870460876835
Zavkhan,2010,0.12513221072720024
Zavkhan,2011,0.040370582109097664
Zavkhan,2012,-0.7793811647472164
Zavkhan,2013,-0.37898506001857546
Zavkhan,2014,-1.0284557603088047
Zavkhan,2015,-0.1457969184072948
Zavkhan,2016,0.5719505007917497
Zavkhan,2017,-1.9473971457112327
Zavkhan,2018,-0.6256625035025118
Zavkhan,2019,0.016824725072497538
Zavkhan,2020,-0.2951589985026025
Zavkhan,2021,-0.00040295402100410657
Zavkhan,2022,-2.1378250530717016
Zavkhan,2023,-0.6092162501824497
Zavkhan,2024,-1.3054732624258296
