Aimag,Year,JJA_Mean_SPEI3
Arkhangai,1950,2.113166094814176
Arkhangai,1951,0.6142954327262827
Arkhangai,1952,0.7913249443443502
Arkhangai,1953,0.4739953089993373
Arkhangai,1954,1.2669378793800148
Arkhangai,1955,1.4541668340826435
Arkhangai,1956,1.4413922167886746
Arkhangai,1957,0.35810556602921007
Arkhangai,1958,1.3072933916563074
Arkhangai,1959,1.3336625420105623
Arkhangai,1960,1.6274461022008408
Arkhangai,1961,1.003206001211131
Arkhangai,1962,0.22600490641034982
Arkhangai,1963,0.9096808725186137
Arkhangai,1964,1.444536929283127
Arkhangai,1965,0.8840215980244782
Arkhangai,1966,0.7000317230087211
Arkhangai,1967,1.2546033346857484
Arkhangai,1968,0.03485981675299122
Arkhangai,1969,0.8065845953603841
Arkhangai,1970,0.18029227086710262
Arkhangai,1971,1.5525247657915837
Arkhangai,1972,0.937477200887505
Arkhangai,1973,1.5281420792088307
Arkhangai,1974,-0.24417384739917722
Arkhangai,1975,0.5442594626529531
Arkhangai,1976,1.3878285671490698
Arkhangai,1977,0.5017747507626502
Arkhangai,1978,0.4192106412931412
Arkhangai,1979,0.31408491051007625
Arkhangai,1980,0.2575823664451517
Arkhangai,1981,0.6691055364720583
Arkhangai,1982,0.7337023310600833
Arkhangai,1983,1.0585532383663985
Arkhangai,1984,0.538660980476699
Arkhangai,1985,0.4448983981313995
Arkhangai,1986,0.8855845249196506
Arkhangai,1987,0.34455760857130235
Arkhangai,1988,-0.25483924685156295
Arkhangai,1989,0.1928511771698334
Arkhangai,1990,1.813976367088806
Arkhangai,1991,0.7141517478369422
Arkhangai,1992,1.136253576358482
Arkhangai,1993,2.1609286189657713
Arkhangai,1994,1.4773468933630978
Arkhangai,1995,0.694140083110277
Arkhangai,1996,-0.38851249912134034
Arkhangai,1997,-0.13049951447520056
Arkhangai,1998,-0.0526257345145135
Arkhangai,1999,0.2616975258251739
Arkhangai,2000,-0.5743497832304212
Arkhangai,2001,-0.37434162127665277
Arkhangai,2002,-1.6286637156922146
Arkhangai,2003,0.15252516242928102
Arkhangai,2004,-0.665033843385928
Arkhangai,2005,-0.39884150554979686
Arkhangai,2006,0.4136144830665509
Arkhangai,2007,-0.6133484781830248
Arkhangai,2008,0.10144948320653646
Arkhangai,2009,-0.5815628931649668
Arkhangai,2010,-0.26000938120270906
Arkhangai,2011,-0.019731525429783306
Arkhangai,2012,-0.10141102066229728
Arkhangai,2013,-0.45653872227850384
Arkhangai,2014,-0.40370192596216525
Arkhangai,2015,-0.41375566532100305
Arkhangai,2016,0.9120678585777149
Arkhangai,2017,-2.198387729248864
Arkhangai,2018,-0.22601930170708193
Arkhangai,2019,-0.5964354094093092
Arkhangai,2020,-0.7872577088550091
Arkhangai,2021,0.6974097138127943
Arkhangai,2022,-1.1925779794066802
Arkhangai,2023,0.24625048282456793
Arkhangai,2024,-1.0455700846756393
Bayan-Ulgii,1950,-1.0577291729255
Bayan-Ulgii,1951,0.25897249254651694
Bayan-Ulgii,1952,-0.15748527804798013
Bayan-Ulgii,1953,-1.2007821028798658
Bayan-Ulgii,1954,0.6090945493043944
Bayan-Ulgii,1955,-1.1424933243689332
Bayan-Ulgii,1956,0.040012830345801303
Bayan-Ulgii,1957,-1.0207109185766146
Bayan-Ulgii,1958,1.2880389714014557
Bayan-Ulgii,1959,0.9138869769410471
Bayan-Ulgii,1960,0.36184207677237434
Bayan-Ulgii,1961,1.3046148982247068
Bayan-Ulgii,1962,-0.26402894221004497
Bayan-Ulgii,1963,-0.14562422933374275
Bayan-Ulgii,1964,-0.2514659967742175
Bayan-Ulgii,1965,-0.40695569826875166
Bayan-Ulgii,1966,0.10909251133751582
Bayan-Ulgii,1967,0.1063069935448961
Bayan-Ulgii,1968,-0.6753039463219932
Bayan-Ulgii,1969,1.9349917768790825
Bayan-Ulgii,1970,1.2358333345464954
Bayan-Ulgii,1971,0.8768843193947987
Bayan-Ulgii,1972,-0.1404441907146545
Bayan-Ulgii,1973,0.8429417409722382
Bayan-Ulgii,1974,-1.3998807271994032
Bayan-Ulgii,1975,0.8244040186778308
Bayan-Ulgii,1976,1.2845928498694092
Bayan-Ulgii,1977,-0.051348380609987185
Bayan-Ulgii,1978,0.21987602304625478
Bayan-Ulgii,1979,0.9292300199911893
Bayan-Ulgii,1980,0.1525290454298096
Bayan-Ulgii,1981,-0.21610031522129627
Bayan-Ulgii,1982,-0.5806097444353304
Bayan-Ulgii,1983,1.7319541949042794
Bayan-Ulgii,1984,2.024139806047124
Bayan-Ulgii,1985,0.19464480582185076
Bayan-Ulgii,1986,1.0502591218120876
Bayan-Ulgii,1987,1.603436973877603
Bayan-Ulgii,1988,0.5668514952052436
Bayan-Ulgii,1989,0.018085445800432007
Bayan-Ulgii,1990,0.2307538627810582
Bayan-Ulgii,1991,0.2699983222934195
Bayan-Ulgii,1992,-0.2503165393852641
Bayan-Ulgii,1993,1.7783674530920686
Bayan-Ulgii,1994,1.578853724625827
Bayan-Ulgii,1995,0.09193324550846513
Bayan-Ulgii,1996,0.733913061585062
Bayan-Ulgii,1997,0.12796311092442078
Bayan-Ulgii,1998,0.3315642895317859
Bayan-Ulgii,1999,0.23309806113451223
Bayan-Ulgii,2000,0.1448059533669775
Bayan-Ulgii,2001,-0.6338760370707102
Bayan-Ulgii,2002,-0.8540268510479481
Bayan-Ulgii,2003,0.5446965428303313
Bayan-Ulgii,2004,-0.43897881574208436
Bayan-Ulgii,2005,0.21910935570888762
Bayan-Ulgii,2006,-0.4385248240199298
Bayan-Ulgii,2007,-0.9076799948825952
Bayan-Ulgii,2008,-1.0906038965239113
Bayan-Ulgii,2009,-1.0415633285205765
Bayan-Ulgii,2010,-0.31068986931149173
Bayan-Ulgii,2011,-0.2417414563869022
Bayan-Ulgii,2012,0.46826908427723896
Bayan-Ulgii,2013,0.5530635885298746
Bayan-Ulgii,2014,-0.006973393614991121
Bayan-Ulgii,2015,-0.3462207361120804
Bayan-Ulgii,2016,0.7027040554513556
Bayan-Ulgii,2017,-1.168405369489131
Bayan-Ulgii,2018,-0.5388530040070256
Bayan-Ulgii,2019,0.4415557471391454
Bayan-Ulgii,2020,0.6196964940503811
Bayan-Ulgii,2021,-0.4188657309800315
Bayan-Ulgii,2022,-2.3769659025577163
Bayan-Ulgii,2023,-0.8750901216289177
Bayan-Ulgii,2024,-0.9743305813001025
Bayankhongor,1950,1.1502512559115246
Bayankhongor,1951,-0.2368964492989502
Bayankhongor,1952,-0.17000907725293238
Bayankhongor,1953,-0.2890685168316017
Bayankhongor,1954,0.9333445441596441
Bayankhongor,1955,1.329833488061173
Bayankhongor,1956,0.2657275060805136
Bayankhongor,1957,-0.10850559330900064
Bayankhongor,1958,0.6021142417747839
Bayankhongor,1959,0.6508983409608088
Bayankhongor,1960,0.21455181224588363
Bayankhongor,1961,0.0514896539256683
Bayankhongor,1962,0.13528510016789377
Bayankhongor,1963,0.17773505589381267
Bayankhongor,1964,1.010045955168553
Bayankhongor,1965,-0.052984698844903255
Bayankhongor,1966,0.057346259053475325
Bayankhongor,1967,-0.2867947619492716
Bayankhongor,1968,0.06290238472705068
Bayankhongor,1969,0.37466098961009375
Bayankhongor,1970,-0.194029834131384
Bayankhongor,1971,1.132094193153438
Bayankhongor,1972,0.07159636347914979
Bayankhongor,1973,0.9081637769631209
Bayankhongor,1974,0.19711632630653955
Bayankhongor,1975,1.2628117181018106
Bayankhongor,1976,1.3657524296488872
Bayankhongor,1977,1.1186173711979353
Bayankhongor,1978,0.5268677172890867
Bayankhongor,1979,1.1864862711379913
Bayankhongor,1980,-0.2525402453413597
Bayankhongor,1981,0.5047311496411832
Bayankhongor,1982,0.13575552699670293
Bayankhongor,1983,0.16435069464225557
Bayankhongor,1984,0.6926824163211178
Bayankhongor,1985,0.08878705384558937
Bayankhongor,1986,0.1615116998361652
Bayankhongor,1987,0.43654693755179586
Bayankhongor,1988,-0.3285152383760401
Bayankhongor,1989,-0.5561194913985558
Bayankhongor,1990,0.9071426253968674
Bayankhongor,1991,-0.043188070496495354
Bayankhongor,1992,0.623100543390468
Bayankhongor,1993,1.5239154420995427
Bayankhongor,1994,1.030902064773461
Bayankhongor,1995,0.08962841095511773
Bayankhongor,1996,0.4854813603875639
Bayankhongor,1997,0.6977506532511966
Bayankhongor,1998,-0.01482165215781359
Bayankhongor,1999,0.3803557653619008
Bayankhongor,2000,-0.11744151039898494
Bayankhongor,2001,-0.7251201584822654
Bayankhongor,2002,-0.547438291082469
Bayankhongor,2003,1.4137710852124248
Bayankhongor,2004,-0.6072935352168496
Bayankhongor,2005,-0.7648801541716898
Bayankhongor,2006,-0.07486099993809765
Bayankhongor,2007,-0.5438854784247608
Bayankhongor,2008,-0.7537081337155328
Bayankhongor,2009,-1.5519037935636326
Bayankhongor,2010,-0.3369561332651347
Bayankhongor,2011,0.3934211412445176
Bayankhongor,2012,-0.3034926209387992
Bayankhongor,2013,-0.5509675478114223
Bayankhongor,2014,0.7487523364891744
Bayankhongor,2015,0.5795835072436998
Bayankhongor,2016,1.2841783949291814
Bayankhongor,2017,-1.3960425994225518
Bayankhongor,2018,-0.9881332066502221
Bayankhongor,2019,0.07233691635056187
Bayankhongor,2020,-1.3472568843735657
Bayankhongor,2021,-0.050975763814811004
Bayankhongor,2022,-2.0505324150917468
Bayankhongor,2023,-0.54922413949977
Bayankhongor,2024,-0.9293621746080866
Bulgan,1950,3.120574315931957
Bulgan,1951,0.16061354668008254
Bulgan,1952,0.9713280833694795
Bulgan,1953,1.1185371408792915
Bulgan,1954,0.6519551817413116
Bulgan,1955,0.7865767179415182
Bulgan,1956,1.4144286132675443
Bulgan,1957,0.11797724215658503
Bulgan,1958,0.2979716515960705
Bulgan,1959,0.9882373600223001
Bulgan,1960,1.343664262121294
Bulgan,1961,0.1390797411478232
Bulgan,1962,0.5358106572161012
Bulgan,1963,1.0292373979712628
Bulgan,1964,1.7652235657254896
Bulgan,1965,0.8982481501760269
Bulgan,1966,0.7662239615032561
Bulgan,1967,1.7792280153188862
Bulgan,1968,0.09887447931299195
Bulgan,1969,0.07494979620803889
Bulgan,1970,0.040651726378766774
Bulgan,1971,2.1091047720995424
Bulgan,1972,0.4595464458405487
Bulgan,1973,1.7777487415289495
Bulgan,1974,-0.012520438605089241
Bulgan,1975,0.9167408321790745
Bulgan,1976,1.480847741417824
Bulgan,1977,0.5363204025562895
Bulgan,1978,0.16853580257328088
Bulgan,1979,-0.18670210729499
Bulgan,1980,-0.1631641753336441
Bulgan,1981,0.1676700925331935
Bulgan,1982,1.2704052828105292
Bulgan,1983,1.2864317027556291
Bulgan,1984,0.3490302971893881
Bulgan,1985,1.1652625244267136
Bulgan,1986,0.8441224747035961
Bulgan,1987,-0.04784367970338861
Bulgan,1988,0.7360624134479645
Bulgan,1989,0.18536194459192917
Bulgan,1990,1.3004468904244673
Bulgan,1991,0.9160943346733015
Bulgan,1992,0.6822924796156675
Bulgan,1993,1.722807269648121
Bulgan,1994,1.686413260692846
Bulgan,1995,0.07240953761459439
Bulgan,1996,-0.6178025649314031
Bulgan,1997,0.037573013527932346
Bulgan,1998,0.7940678162173923
Bulgan,1999,0.2964949795972176
Bulgan,2000,-0.25471221933327604
Bulgan,2001,0.17600038489126774
Bulgan,2002,-1.1821636837089595
Bulgan,2003,-0.12412222704907777
Bulgan,2004,-0.26055886676848145
Bulgan,2005,-0.35519707522140576
Bulgan,2006,0.2853052376805707
Bulgan,2007,-0.1283534589440832
Bulgan,2008,0.9735060646497662
Bulgan,2009,-0.6116849170947815
Bulgan,2010,-0.9390478069923146
Bulgan,2011,-0.21608856692463066
Bulgan,2012,0.11059677608522578
Bulgan,2013,0.3945623745056033
Bulgan,2014,-0.6690000712438723
Bulgan,2015,-1.1295866492101505
Bulgan,2016,0.5239150770553793
Bulgan,2017,-1.8620328129784727
Bulgan,2018,-0.48875161370054354
Bulgan,2019,-0.31260181950991023
Bulgan,2020,-0.5979151424159743
Bulgan,2021,1.4450511204616403
Bulgan,2022,-0.2556525220346314
Bulgan,2023,1.2187762480591324
Bulgan,2024,0.12368331663383868
Darkhan-Uul,1950,2.5119291418978853
Darkhan-Uul,1951,-0.007388339660686778
Darkhan-Uul,1952,0.984579639031543
Darkhan-Uul,1953,0.033883674234533555
Darkhan-Uul,1954,-0.25221243507737545
Darkhan-Uul,1955,-0.15416356867446593
Darkhan-Uul,1956,-0.1495155452759651
Darkhan-Uul,1957,0.709889381383022
Darkhan-Uul,1958,-0.40320570738403677
Darkhan-Uul,1959,1.073511111930101
Darkhan-Uul,1960,0.385751432152786
Darkhan-Uul,1961,-0.20574895419490866
Darkhan-Uul,1962,0.37244479522908747
Darkhan-Uul,1963,0.8162541660320902
Darkhan-Uul,1964,2.369599335577274
Darkhan-Uul,1965,-0.014113397311437471
Darkhan-Uul,1966,1.316933616048219
Darkhan-Uul,1967,2.3451518065462693
Darkhan-Uul,1968,0.5010745145009549
Darkhan-Uul,1969,-0.5528579476105253
Darkhan-Uul,1970,0.7732338972772246
Darkhan-Uul,1971,2.710380286043399
Darkhan-Uul,1972,-0.4339760061444194
Darkhan-Uul,1973,2.4060513538767387
Darkhan-Uul,1974,-0.03337570408453045
Darkhan-Uul,1975,1.3898598090976826
Darkhan-Uul,1976,0.7086936743018227
Darkhan-Uul,1977,-0.06864857381980896
Darkhan-Uul,1978,1.0658544580733038
Darkhan-Uul,1979,-0.8015427297802991
Darkhan-Uul,1980,-0.8121828264671651
Darkhan-Uul,1981,0.8491718253499204
Darkhan-Uul,1982,1.582551276349017
Darkhan-Uul,1983,2.055878361800866
Darkhan-Uul,1984,0.6505983020581284
Darkhan-Uul,1985,2.0128953769338582
Darkhan-Uul,1986,0.259517026841322
Darkhan-Uul,1987,-0.1085531246244341
Darkhan-Uul,1988,2.2329236640468584
Darkhan-Uul,1989,-0.2555612261813699
Darkhan-Uul,1990,1.4895350620751797
Darkhan-Uul,1991,1.4645677470845146
Darkhan-Uul,1992,0.6540015332973687
Darkhan-Uul,1993,1.5237379567711486
Darkhan-Uul,1994,0.9467658442748671
Darkhan-Uul,1995,0.7982144676070773
Darkhan-Uul,1996,-0.4225099854841523
Darkhan-Uul,1997,0.5536481183384853
Darkhan-Uul,1998,1.2063677732408982
Darkhan-Uul,1999,-0.6759731448712778
Darkhan-Uul,2000,-0.2617347406975631
Darkhan-Uul,2001,-1.1435527702670558
Darkhan-Uul,2002,-1.213945217338353
Darkhan-Uul,2003,-0.19311488703819873
Darkhan-Uul,2004,0.04461174093741416
Darkhan-Uul,2005,-0.14171302726465793
Darkhan-Uul,2006,0.28393684969451155
Darkhan-Uul,2007,0.20675207146343613
Darkhan-Uul,2008,1.2056461024860965
Darkhan-Uul,2009,-0.03538896507595464
Darkhan-Uul,2010,-0.7083557575728774
Darkhan-Uul,2011,0.1823781048524303
Darkhan-Uul,2012,0.6270539618404563
Darkhan-Uul,2013,-0.14306448998658994
Darkhan-Uul,2014,-0.664476249418471
Darkhan-Uul,2015,-1.4987482327609962
Darkhan-Uul,2016,0.018159400206981948
Darkhan-Uul,2017,-1.858254980465016
Darkhan-Uul,2018,-0.6012416050977102
Darkhan-Uul,2019,-0.26483952755620155
Darkhan-Uul,2020,-0.28594110591959315
Darkhan-Uul,2021,2.017898036358887
Darkhan-Uul,2022,-0.15783226178956294
Darkhan-Uul,2023,0.8134538223517765
Darkhan-Uul,2024,0.4010790521661014
Dornod,1950,0.5615675882357268
Dornod,1951,0.3468713447539725
Dornod,1952,1.427688657369249
Dornod,1953,1.7376343289012588
Dornod,1954,1.5199919988118826
Dornod,1955,1.0649882179869385
Dornod,1956,0.016251931028902693
Dornod,1957,1.5504154161107848
Dornod,1958,1.1531159653277985
Dornod,1959,1.0221730131932898
Dornod,1960,0.7640103409367347
Dornod,1961,-0.38035773551163665
Dornod,1962,0.5880027091440776
Dornod,1963,0.07953927205135194
Dornod,1964,0.18855452057511557
Dornod,1965,-0.704934397617664
Dornod,1966,-0.002099400840694454
Dornod,1967,1.1389481063531612
Dornod,1968,0.05116926222231776
Dornod,1969,0.015004957435803988
Dornod,1970,-0.2383901765952185
Dornod,1971,0.6006857581243809
Dornod,1972,-0.4821754870275728
Dornod,1973,0.3297271681933634
Dornod,1974,0.7539526754191932
Dornod,1975,0.7870400144028246
Dornod,1976,0.5214611153905475
Dornod,1977,1.1900515775288432
Dornod,1978,0.3618841656281382
Dornod,1979,0.15763917990544438
Dornod,1980,0.43871715689473517
Dornod,1981,0.04191700736188458
Dornod,1982,-0.2356861784026019
Dornod,1983,0.2939700990619366
Dornod,1984,1.0906248981167597
Dornod,1985,0.760511473794875
Dornod,1986,-0.38981419975171433
Dornod,1987,0.23205467490370751
Dornod,1988,0.8348495224580819
Dornod,1989,0.9745472060757835
Dornod,1990,1.956254313311475
Dornod,1991,0.6501334971006001
Dornod,1992,0.054844304351433004
Dornod,1993,0.5861368574496785
Dornod,1994,0.7303828412532166
Dornod,1995,0.4385699816663597
Dornod,1996,0.7608740947174704
Dornod,1997,-0.15150891682081769
Dornod,1998,1.672478963448048
Dornod,1999,-0.6963706125353933
Dornod,2000,-0.7538601469880671
Dornod,2001,-0.7887891684276636
Dornod,2002,0.8441742122326598
Dornod,2003,-0.5337469989510633
Dornod,2004,-1.291551321698148
Dornod,2005,0.13661884200635385
Dornod,2006,-0.16580628703565312
Dornod,2007,-1.7850760586545686
Dornod,2008,0.5691718675722426
Dornod,2009,-0.003086498704161816
Dornod,2010,-0.38752639473859823
Dornod,2011,-0.14004249016730894
Dornod,2012,0.9661564357894933
Dornod,2013,0.8870269867729862
Dornod,2014,0.9401573330312473
Dornod,2015,-0.2590969603449289
Dornod,2016,-1.143116273748635
Dornod,2017,-1.3239098520264636
Dornod,2018,-0.0732456182530061
Dornod,2019,-0.21409106057783606
Dornod,2020,0.4902869300731895
Dornod,2021,0.8750384513753139
Dornod,2022,0.16799817528087232
Dornod,2023,-0.28885271003097157
Dornod,2024,0.5703794251800928
Dornogovi,1950,1.7659161615259453
Dornogovi,1951,0.2100877579537166
Dornogovi,1952,1.0355563094866518
Dornogovi,1953,0.8274815177118803
Dornogovi,1954,1.7658010835400095
Dornogovi,1955,1.762088358217991
Dornogovi,1956,1.3423638310828367
Dornogovi,1957,0.25481831965987994
Dornogovi,1958,0.6899933302540238
Dornogovi,1959,1.337914326564298
Dornogovi,1960,0.7114087950192848
Dornogovi,1961,-0.2855648034161769
Dornogovi,1962,0.40976553682630457
Dornogovi,1963,-0.38564602682591836
Dornogovi,1964,0.19346871683349323
Dornogovi,1965,-0.8982673444981879
Dornogovi,1966,-0.3878992147783369
Dornogovi,1967,1.5605602109335426
Dornogovi,1968,-0.6517008665919842
Dornogovi,1969,0.4731463060514031
Dornogovi,1970,0.42898198053966663
Dornogovi,1971,0.35021276213784325
Dornogovi,1972,-0.2659358380465842
Dornogovi,1973,1.5771451039049114
Dornogovi,1974,0.8348882370481555
Dornogovi,1975,0.6436292180325798
Dornogovi,1976,1.325385559013485
Dornogovi,1977,1.4413959827514589
Dornogovi,1978,0.20684437690862856
Dornogovi,1979,0.9858064846195804
Dornogovi,1980,-0.632712371526836
Dornogovi,1981,0.7969039170851376
Dornogovi,1982,0.3355441271649183
Dornogovi,1983,0.6709267476475088
Dornogovi,1984,1.0187769477907733
Dornogovi,1985,0.5831227647688965
Dornogovi,1986,0.65370568688414
Dornogovi,1987,0.5189014996536134
Dornogovi,1988,0.655074680176535
Dornogovi,1989,-0.013585941682077479
Dornogovi,1990,1.1422631173543853
Dornogovi,1991,0.478794248811107
Dornogovi,1992,0.49999883975136983
Dornogovi,1993,1.0457386019886676
Dornogovi,1994,-0.006677289515377021
Dornogovi,1995,0.04186022327899828
Dornogovi,1996,1.193587982365363
Dornogovi,1997,0.55610857113035
Dornogovi,1998,1.0641939524862152
Dornogovi,1999,-0.44648428528968975
Dornogovi,2000,-0.7490672151363093
Dornogovi,2001,-0.5562953108077614
Dornogovi,2002,0.40608376374991517
Dornogovi,2003,1.3417420419386594
Dornogovi,2004,-0.2279058902711887
Dornogovi,2005,-1.0899118859928196
Dornogovi,2006,-0.1604518605105802
Dornogovi,2007,-0.6753638761749474
Dornogovi,2008,0.3732678246911873
Dornogovi,2009,-0.9491280161797351
Dornogovi,2010,-0.043300694951948444
Dornogovi,2011,0.5422625231061061
Dornogovi,2012,0.775453049208368
Dornogovi,2013,-0.5524830211132311
Dornogovi,2014,-0.14705725063678232
Dornogovi,2015,-0.2987277856580408
Dornogovi,2016,0.37472027655843665
Dornogovi,2017,-1.4672923900860317
Dornogovi,2018,-0.6214329205392337
Dornogovi,2019,-0.6695695791313903
Dornogovi,2020,-0.6804627703327392
Dornogovi,2021,0.08015108669519196
Dornogovi,2022,-0.8286309734588003
Dornogovi,2023,-0.8570872768462205
Dornogovi,2024,-0.37157609607038417
Dundgovi,1950,2.3422977813241097
Dundgovi,1951,-0.4453774612086921
Dundgovi,1952,0.1192239020654145
Dundgovi,1953,0.28852685478507595
Dundgovi,1954,1.5025646200822453
Dundgovi,1955,1.247036268981902
Dundgovi,1956,1.3073095125233047
Dundgovi,1957,0.638132002148945
Dundgovi,1958,1.3912958612978261
Dundgovi,1959,1.3884509133505947
Dundgovi,1960,1.1902007358860285
Dundgovi,1961,0.671076495494468
Dundgovi,1962,1.0469132383905249
Dundgovi,1963,0.26055338374497133
Dundgovi,1964,0.8659604840721625
Dundgovi,1965,-0.46063693280555973
Dundgovi,1966,0.5729473681365411
Dundgovi,1967,1.5728014542902986
Dundgovi,1968,0.11931638398311536
Dundgovi,1969,0.5916676637158356
Dundgovi,1970,-0.14288053408712795
Dundgovi,1971,1.4392192772316723
Dundgovi,1972,0.36505687122470326
Dundgovi,1973,1.8924711883218142
Dundgovi,1974,0.8204861500164495
Dundgovi,1975,0.991424587934397
Dundgovi,1976,1.9066882277042656
Dundgovi,1977,1.6500188683537818
Dundgovi,1978,0.53457151866697
Dundgovi,1979,0.7547941848990413
Dundgovi,1980,0.07613045862323273
Dundgovi,1981,0.2067986482388794
Dundgovi,1982,0.47256761654518303
Dundgovi,1983,0.6547518792435529
Dundgovi,1984,0.6949810966379141
Dundgovi,1985,0.6972645496189892
Dundgovi,1986,0.816120305549665
Dundgovi,1987,1.0135638006653915
Dundgovi,1988,0.4974213432836659
Dundgovi,1989,0.2696751518041085
Dundgovi,1990,1.5497596700232545
Dundgovi,1991,0.359874441024249
Dundgovi,1992,0.8728374142969769
Dundgovi,1993,1.5692247170734765
Dundgovi,1994,1.16923554606116
Dundgovi,1995,0.2998928122353237
Dundgovi,1996,0.6791562761355582
Dundgovi,1997,0.666934455305048
Dundgovi,1998,0.8029169622361176
Dundgovi,1999,-0.09746304037540185
Dundgovi,2000,-0.9317105832121534
Dundgovi,2001,0.2286632842083128
Dundgovi,2002,-0.0947490531675902
Dundgovi,2003,1.453080909622851
Dundgovi,2004,-0.1261581154748393
Dundgovi,2005,-0.8475433799939975
Dundgovi,2006,0.050759033033499344
Dundgovi,2007,-1.2207917826312427
Dundgovi,2008,-0.2952594999616195
Dundgovi,2009,-1.3918991923214081
Dundgovi,2010,-0.7143694176904948
Dundgovi,2011,0.4241573493414449
Dundgovi,2012,-0.13614051291825605
Dundgovi,2013,-0.14013773722070696
Dundgovi,2014,0.024743215524546152
Dundgovi,2015,-0.4420635235049466
Dundgovi,2016,0.43537672554215673
Dundgovi,2017,-1.2148371292935047
Dundgovi,2018,-0.6869907012333311
Dundgovi,2019,-0.7945164550799514
Dundgovi,2020,-1.3699358727811215
Dundgovi,2021,-0.14981903109604625
Dundgovi,2022,-0.5481774013407195
Dundgovi,2023,-0.1185962891113559
Dundgovi,2024,-0.03878285928031532
Govi-Altai,1950,-0.033776829885725494
Govi-Altai,1951,-0.7484321857223795
Govi-Altai,1952,-1.020040784384386
Govi-Altai,1953,-1.1930244011946383
Govi-Altai,1954,-0.045162876582350464
Govi-Altai,1955,0.4694533987359594
Govi-Altai,1956,-0.13628803236266412
Govi-Altai,1957,-0.8952543516504458
Govi-Altai,1958,0.14279912655868288
Govi-Altai,1959,-0.016356735889964964
Govi-Altai,1960,-0.26759811540830875
Govi-Altai,1961,0.12220424706048606
Govi-Altai,1962,-0.18389464551031992
Govi-Altai,1963,0.09659969638181327
Govi-Altai,1964,0.4475307907788399
Govi-Altai,1965,-0.4681619724294215
Govi-Altai,1966,-0.3314182048398255
Govi-Altai,1967,-0.8742118262752723
Govi-Altai,1968,-0.37506022486554236
Govi-Altai,1969,0.4588269132488366
Govi-Altai,1970,-0.013358958034053226
Govi-Altai,1971,0.7059806208205459
Govi-Altai,1972,-0.2487297337516331
Govi-Altai,1973,0.654926850415218
Govi-Altai,1974,-1.0044689328625143
Govi-Altai,1975,0.9839977945876226
Govi-Altai,1976,1.2087127183100488
Govi-Altai,1977,0.9159141902041573
Govi-Altai,1978,0.6067068896679357
Govi-Altai,1979,1.444612764369946
Govi-Altai,1980,-0.8369563532689873
Govi-Altai,1981,-0.040195901338034905
Govi-Altai,1982,-0.3164605470217793
Govi-Altai,1983,0.320661623998122
Govi-Altai,1984,1.4583814404207456
Govi-Altai,1985,-0.9084186629163231
Govi-Altai,1986,-0.14286018775199832
Govi-Altai,1987,1.090535827755966
Govi-Altai,1988,-0.1447868256924537
Govi-Altai,1989,-0.600801947360093
Govi-Altai,1990,0.4709071719192165
Govi-Altai,1991,-0.07829973263891896
Govi-Altai,1992,0.40177162398536614
Govi-Altai,1993,1.4960095820949748
Govi-Altai,1994,0.9041930349404056
Govi-Altai,1995,0.26636279389718504
Govi-Altai,1996,0.38497552348305086
Govi-Altai,1997,0.26048910495234084
Govi-Altai,1998,0.37207032247480504
Govi-Altai,1999,0.44488573825809596
Govi-Altai,2000,0.3818230382256296
Govi-Altai,2001,-0.7770657033636619
Govi-Altai,2002,-0.2069930280029651
Govi-Altai,2003,1.627890981361814
Govi-Altai,2004,-0.7199640481851919
Govi-Altai,2005,-0.3494121840894393
Govi-Altai,2006,-0.34876619889803995
Govi-Altai,2007,-0.7375480031940232
Govi-Altai,2008,-1.11545320176051
Govi-Altai,2009,-1.562901440723972
Govi-Altai,2010,-0.04930429072019755
Govi-Altai,2011,0.025170320745995244
Govi-Altai,2012,-0.43076142808272516
Govi-Altai,2013,-0.2828941264342522
Govi-Altai,2014,0.26818905428888634
Govi-Altai,2015,1.1019037202775726
Govi-Altai,2016,0.8801430581307748
Govi-Altai,2017,-1.3959656309901922
Govi-Altai,2018,-0.5371426171839647
Govi-Altai,2019,-0.2102597274002653
Govi-Altai,2020,-0.8097508743377833
Govi-Altai,2021,-0.6180836583101386
Govi-Altai,2022,-2.7646537963153817
Govi-Altai,2023,-0.5466892134097934
Govi-Altai,2024,-1.5034390135454097
Govisumber,1950,2.6627470161232245
Govisumber,1951,0.3295079042594962
Govisumber,1952,0.775664811056044
Govisumber,1953,0.42003799499954503
Govisumber,1954,2.434189709232395
Govisumber,1955,1.300199672812696
Govisumber,1956,1.3524504343367867
Govisumber,1957,0.4315666504985362
Govisumber,1958,1.474143714146816
Govisumber,1959,1.8184061417757498
Govisumber,1960,1.7639897487836569
Govisumber,1961,0.10782630117884706
Govisumber,1962,0.6135128602967056
Govisumber,1963,0.4860799698310428
Govisumber,1964,0.9018596902666102
Govisumber,1965,-0.0877237263239062
Govisumber,1966,0.24994541066302903
Govisumber,1967,2.0929055674127905
Govisumber,1968,-0.2842451108848228
Govisumber,1969,0.20174746831211285
Govisumber,1970,0.5181613679507646
Govisumber,1971,2.0245415123232466
Govisumber,1972,0.7808205689029808
Govisumber,1973,2.066783792244909
Govisumber,1974,0.5117690806681299
Govisumber,1975,1.4988699299539188
Govisumber,1976,1.9592736552529921
Govisumber,1977,2.1873745013747907
Govisumber,1978,1.288499342989676
Govisumber,1979,1.2545136763276983
Govisumber,1980,1.0696737510054883
Govisumber,1981,0.9448650633257646
Govisumber,1982,0.8637414521158213
Govisumber,1983,1.2379185788069493
Govisumber,1984,1.3889869335788851
Govisumber,1985,1.7620053258464765
Govisumber,1986,1.6542773053791282
Govisumber,1987,1.1410378083570487
Govisumber,1988,1.1417523975138157
Govisumber,1989,0.08736660625198917
Govisumber,1990,1.9966013321600833
Govisumber,1991,0.6560269622029258
Govisumber,1992,0.8573158399646963
Govisumber,1993,1.460163487810446
Govisumber,1994,0.6200133377763526
Govisumber,1995,0.17861238401359467
Govisumber,1996,0.6883404634750393
Govisumber,1997,0.6981241798856103
Govisumber,1998,0.6640983483898455
Govisumber,1999,1.288558430536483
Govisumber,2000,-0.9016676290968446
Govisumber,2001,-0.7859662386810724
Govisumber,2002,-0.41086014485455197
Govisumber,2003,0.7639344517961528
Govisumber,2004,-0.14155974026702345
Govisumber,2005,-0.5326349222457117
Govisumber,2006,-0.40960478755957286
Govisumber,2007,-1.8090981498629901
Govisumber,2008,-0.4602338351958578
Govisumber,2009,-0.8117294860657777
Govisumber,2010,-0.3673702344443323
Govisumber,2011,1.2798625027994837
Govisumber,2012,0.49534902730032127
Govisumber,2013,-0.06305665810324701
Govisumber,2014,0.6692823139933441
Govisumber,2015,-1.0288229258813164
Govisumber,2016,-0.11854368728248303
Govisumber,2017,-1.611881414142703
Govisumber,2018,-0.40965874386201706
Govisumber,2019,-0.5253191557649749
Govisumber,2020,-0.3775101777726737
Govisumber,2021,0.21480657167780082
Govisumber,2022,-0.3270991750483211
Govisumber,2023,-0.28359592177211074
Govisumber,2024,0.8172971887563937
Khentii,1950,2.480580133221802
Khentii,1951,0.9388806329524366
Khentii,1952,0.88799221126153
Khentii,1953,1.1741412789257692
Khentii,1954,1.9752803354337485
Khentii,1955,0.972435397204654
Khentii,1956,0.6229365191215332
Khentii,1957,0.7852929933013715
Khentii,1958,1.333871515581458
Khentii,1959,1.918232851177039
Khentii,1960,1.166253800747599
Khentii,1961,-0.32651551796990214
Khentii,1962,0.44490028429536904
Khentii,1963,0.6600233835478454
Khentii,1964,0.7841246083279535
Khentii,1965,-0.2171893956844293
Khentii,1966,0.19699600182868554
Khentii,1967,2.146563163725043
Khentii,1968,0.25155620970681125
Khentii,1969,0.22623111486222283
Khentii,1970,0.4240958650638644
Khentii,1971,1.8036989563536887
Khentii,1972,0.25198396779032967
Khentii,1973,1.7918946078526217
Khentii,1974,0.7000809513937469
Khentii,1975,1.8269954210550101
Khentii,1976,1.0911707934911576
Khentii,1977,1.9331284520101248
Khentii,1978,1.2053672013008363
Khentii,1979,0.8250756782737683
Khentii,1980,0.7884015441357348
Khentii,1981,0.5853572934275677
Khentii,1982,0.671485044075825
Khentii,1983,0.7768918082913551
Khentii,1984,1.6138188427556182
Khentii,1985,1.667825900532321
Khentii,1986,0.6656731005097071
Khentii,1987,0.552815521082056
Khentii,1988,1.2348304105663368
Khentii,1989,0.5453327263673277
Khentii,1990,1.920243156988072
Khentii,1991,0.8749573519003122
Khentii,1992,0.1861524969539777
Khentii,1993,1.1151935578386338
Khentii,1994,0.3076799618360487
Khentii,1995,0.8248791481458091
Khentii,1996,0.7785667308714265
Khentii,1997,-0.2523747597655154
Khentii,1998,0.986056886769395
Khentii,1999,0.22485612065572455
Khentii,2000,-1.1623450064245127
Khentii,2001,-0.5835574693164559
Khentii,2002,0.10051283602991154
Khentii,2003,-0.22474108682787794
Khentii,2004,-0.5044167497572924
Khentii,2005,0.4914600079639746
Khentii,2006,-0.4394376414586553
Khentii,2007,-1.69002442940164
Khentii,2008,0.3837042831434054
Khentii,2009,-0.1280564594492176
Khentii,2010,-0.30622480444754707
Khentii,2011,0.031658603699890264
Khentii,2012,0.5450176939660062
Khentii,2013,0.30208528824855085
Khentii,2014,1.2840220912611893
Khentii,2015,-1.1112806807622515
Khentii,2016,-0.5306954863431173
Khentii,2017,-1.457378072604432
Khentii,2018,-0.18540931991344578
Khentii,2019,0.04357920074509013
Khentii,2020,0.8020510242878157
Khentii,2021,0.8008099564496
Khentii,2022,0.5015395196616599
Khentii,2023,-0.11237814974100487
Khentii,2024,1.6458212237938075
Khovd,1950,-0.7680964010071902
Khovd,1951,-0.5439545250814807
Khovd,1952,-1.1356294558879985
Khovd,1953,-1.9110712212851029
Khovd,1954,-0.4052978708517174
Khovd,1955,-0.46158204360536836
Khovd,1956,0.08681148372028172
Khovd,1957,-0.8874424698948948
Khovd,1958,0.5988189959290562
Khovd,1959,0.12741879000121267
Khovd,1960,-0.08969547829847824
Khovd,1961,0.722281030446683
Khovd,1962,-0.6481738477083077
Khovd,1963,0.1490126563768355
Khovd,1964,-0.30674241258997575
Khovd,1965,-1.1259834095857977
Khovd,1966,-0.30867975432674155
Khovd,1967,-0.597300428419907
Khovd,1968,-0.6999999519298935
Khovd,1969,1.2453692133709044
Khovd,1970,0.5201981117053214
Khovd,1971,0.767524301433748
Khovd,1972,-0.5438460979151742
Khovd,1973,0.2916660049503656
Khovd,1974,-1.2055261355224143
Khovd,1975,0.3665936741284379
Khovd,1976,0.9724811593521485
Khovd,1977,0.09765817577727935
Khovd,1978,0.3141532198781711
Khovd,1979,0.5614813319078773
Khovd,1980,-0.40395234005953623
Khovd,1981,-0.09876668533668564
Khovd,1982,-0.4332636141522537
Khovd,1983,1.0238355437681608
Khovd,1984,1.4045359664311075
Khovd,1985,-0.7106704785420566
Khovd,1986,0.75880009632613
Khovd,1987,1.7843090159916553
Khovd,1988,0.2752896048634945
Khovd,1989,-0.3903442825962488
Khovd,1990,0.19198655485812557
Khovd,1991,0.14255104563811757
Khovd,1992,0.06009484324656067
Khovd,1993,1.5601840705039702
Khovd,1994,1.5550935241709711
Khovd,1995,0.4891786741659465
Khovd,1996,0.44561613002146444
Khovd,1997,0.320502313258553
Khovd,1998,0.4564701489562281
Khovd,1999,0.6072424649819166
Khovd,2000,0.2846924799217093
Khovd,2001,-0.9999189384629282
Khovd,2002,-0.5714041466650029
Khovd,2003,1.3972010085817927
Khovd,2004,-0.5249958631702945
Khovd,2005,0.12231206632386944
Khovd,2006,-0.30131600283370524
Khovd,2007,-1.12154151451339
Khovd,2008,-1.2277023557075653
Khovd,2009,-0.9199736261592026
Khovd,2010,-0.032766856049933187
Khovd,2011,-0.32282246160826067
Khovd,2012,-0.30539597154473297
Khovd,2013,-0.1138708404350109
Khovd,2014,-0.38468982761163495
Khovd,2015,0.6721063471715275
Khovd,2016,0.27281833900051633
Khovd,2017,-1.2657363838413727
Khovd,2018,-0.5664764560612523
Khovd,2019,-0.25184629842851985
Khovd,2020,-0.3892934442403979
Khovd,2021,-1.2108276953746802
Khovd,2022,-3.0828490808881455
Khovd,2023,-1.091819895067377
Khovd,2024,-1.6243122350897428
Khuvsgul,1950,2.4070989173861337
Khuvsgul,1951,0.15379585397947299
Khuvsgul,1952,1.2091326254001713
Khuvsgul,1953,0.17101332759529891
Khuvsgul,1954,0.306021462695882
Khuvsgul,1955,0.18350745404802712
Khuvsgul,1956,1.3072172429597455
Khuvsgul,1957,-0.16836419381470513
Khuvsgul,1958,0.9402024051619595
Khuvsgul,1959,1.0886937674344406
Khuvsgul,1960,0.8996479672237879
Khuvsgul,1961,0.6127227609386667
Khuvsgul,1962,0.3728753530093301
Khuvsgul,1963,0.5202944911460473
Khuvsgul,1964,0.27296619761402297
Khuvsgul,1965,0.7108772614350326
Khuvsgul,1966,0.5508305713481833
Khuvsgul,1967,1.3360722098455866
Khuvsgul,1968,-0.3192522090009579
Khuvsgul,1969,-0.21471702268036622
Khuvsgul,1970,-0.7802613196001219
Khuvsgul,1971,0.6557081014574344
Khuvsgul,1972,0.26271686680986306
Khuvsgul,1973,1.2283395366469443
Khuvsgul,1974,-0.8067976436453815
Khuvsgul,1975,0.28501120418118914
Khuvsgul,1976,0.407480540083558
Khuvsgul,1977,0.5682227130547997
Khuvsgul,1978,-0.7712500323348781
Khuvsgul,1979,-0.4169847672424607
Khuvsgul,1980,-0.1212534888275609
Khuvsgul,1981,0.14659695789427996
Khuvsgul,1982,0.8416999188183734
Khuvsgul,1983,1.6143067851667638
Khuvsgul,1984,1.0870398195918627
Khuvsgul,1985,0.25954914242883864
Khuvsgul,1986,1.6314050956419253
Khuvsgul,1987,0.3745090561931153
Khuvsgul,1988,0.0949219214841859
Khuvsgul,1989,0.9651088029045017
Khuvsgul,1990,1.2174027258153712
Khuvsgul,1991,0.689963783309701
Khuvsgul,1992,0.40199241719898804
Khuvsgul,1993,1.398070543233858
Khuvsgul,1994,1.7218169062368096
Khuvsgul,1995,-0.17319858367847404
Khuvsgul,1996,-0.30354295088061123
Khuvsgul,1997,-0.1218928196667874
Khuvsgul,1998,0.44373983393055927
Khuvsgul,1999,-0.6121881862488595
Khuvsgul,2000,-0.723710661992258
Khuvsgul,2001,0.27006173686549756
Khuvsgul,2002,-1.0474499222430993
Khuvsgul,2003,0.5112684149846211
Khuvsgul,2004,-0.05397413450656276
Khuvsgul,2005,-0.3171970788821601
Khuvsgul,2006,0.8643441791540059
Khuvsgul,2007,-0.29359743422985946
Khuvsgul,2008,0.026245445671569702
Khuvsgul,2009,-0.4832452560942576
Khuvsgul,2010,-0.4777820253061413
Khuvsgul,2011,-0.22366057014715038
Khuvsgul,2012,-0.32312664717811723
Khuvsgul,2013,-0.16801928194273236
Khuvsgul,2014,-0.34500591333168046
Khuvsgul,2015,-1.2838423783820223
Khuvsgul,2016,0.7666746470973592
Khuvsgul,2017,-1.4593779567426926
Khuvsgul,2018,-0.25856424665853706
Khuvsgul,2019,0.9920203378853331
Khuvsgul,2020,0.25676507940226745
Khuvsgul,2021,1.2324210420304569
Khuvsgul,2022,-1.4058510204765824
Khuvsgul,2023,0.6229821116701986
Khuvsgul,2024,-0.7328732506583118
Orkhon,1950,3.1046412897516613
Orkhon,1951,-0.02026846059919857
Orkhon,1952,1.0946544297439258
Orkhon,1953,1.2439914168579984
Orkhon,1954,0.653704152265831
Orkhon,1955,0.14220806306661257
Orkhon,1956,1.7870104908148552
Orkhon,1957,0.7043857426490763
Orkhon,1958,0.236519875834376
Orkhon,1959,1.270068213850435
Orkhon,1960,1.0511678206811144
Orkhon,1961,0.03092590136777486
Orkhon,1962,0.690623601090913
Orkhon,1963,1.3801608634040181
Orkhon,1964,2.2582646084993807
Orkhon,1965,0.855925940267963
Orkhon,1966,0.7117173452062432
Orkhon,1967,1.5599577847757475
Orkhon,1968,0.4666172223290798
Orkhon,1969,0.4640789296866655
Orkhon,1970,0.04093136891941734
Orkhon,1971,2.598304592245709
Orkhon,1972,0.424719251384773
Orkhon,1973,2.1145030491649535
Orkhon,1974,0.16598544712095192
Orkhon,1975,0.8433589602628164
Orkhon,1976,1.6878904328225293
Orkhon,1977,0.20933508162959427
Orkhon,1978,0.49467921027867745
Orkhon,1979,0.03740852382213485
Orkhon,1980,-0.7542640827162044
Orkhon,1981,0.45478510761780877
Orkhon,1982,1.3638113134895093
Orkhon,1983,1.119878075352479
Orkhon,1984,0.5177902334672659
Orkhon,1985,1.4875344861342739
Orkhon,1986,0.6099259576830703
Orkhon,1987,-0.002505725584963994
Orkhon,1988,1.0127982748288373
Orkhon,1989,0.21477539491567335
Orkhon,1990,1.5338648100518975
Orkhon,1991,0.7463900199790093
Orkhon,1992,0.5295892316473382
Orkhon,1993,1.4677363969203892
Orkhon,1994,2.1899356742138236
Orkhon,1995,0.15853332544908702
Orkhon,1996,-0.577529154170207
Orkhon,1997,0.4589115693349965
Orkhon,1998,1.016393903400003
Orkhon,1999,0.019588505697850568
Orkhon,2000,-0.14483320115807913
Orkhon,2001,0.17392386702942247
Orkhon,2002,-1.540840122985484
Orkhon,2003,-0.4629593183565328
Orkhon,2004,0.15847469028096656
Orkhon,2005,-0.18908074169089667
Orkhon,2006,0.22722612758109256
Orkhon,2007,-0.014914625031722067
Orkhon,2008,1.383440347403985
Orkhon,2009,-0.8117550075790266
Orkhon,2010,-1.0324838604489281
Orkhon,2011,-0.24240507295334834
Orkhon,2012,0.4441898678313524
Orkhon,2013,0.3948272143232693
Orkhon,2014,-0.6711699019757329
Orkhon,2015,-0.8400526321336922
Orkhon,2016,0.4098695988019411
Orkhon,2017,-1.9432363011204183
Orkhon,2018,-1.173590079432933
Orkhon,2019,-0.05255626639687079
Orkhon,2020,-0.9396701818571619
Orkhon,2021,1.8362750301538227
Orkhon,2022,0.08028514495929702
Orkhon,2023,1.4674848892698735
Orkhon,2024,0.5764172170685461
Selenge,1950,2.3994389607855666
Selenge,1951,-0.08989173058594246
Selenge,1952,1.046141819711996
Selenge,1953,0.36622783029623945
Selenge,1954,-0.10204661624871537
Selenge,1955,0.034175393680655405
Selenge,1956,0.18794979802213718
Selenge,1957,0.66245462252781
Selenge,1958,-0.4814585271769602
Selenge,1959,1.161183020716478
Selenge,1960,0.33688756072024156
Selenge,1961,-0.31345572045642495
Selenge,1962,0.5385899144693209
Selenge,1963,0.7427454057965686
Selenge,1964,1.8987649405207265
Selenge,1965,0.11453770105590064
Selenge,1966,1.1107966357145298
Selenge,1967,2.0759105896792898
Selenge,1968,0.6944166363253553
Selenge,1969,-0.42986231393491475
Selenge,1970,0.6128432609729872
Selenge,1971,2.7764901837832814
Selenge,1972,-0.21370685885013727
Selenge,1973,2.1736763574976754
Selenge,1974,0.23460215287165265
Selenge,1975,1.304795959389204
Selenge,1976,0.8935914261355743
Selenge,1977,-0.12286045913424218
Selenge,1978,0.9418860611347982
Selenge,1979,-0.5200198750271016
Selenge,1980,-0.8945183685104491
Selenge,1981,0.6503325202184523
Selenge,1982,1.4864529328675986
Selenge,1983,1.759421522297424
Selenge,1984,0.6397004598140181
Selenge,1985,1.9412128441261094
Selenge,1986,0.5796016719529828
Selenge,1987,0.10855679961928376
Selenge,1988,1.9528559466404174
Selenge,1989,-0.05057166699345082
Selenge,1990,1.4650068412467312
Selenge,1991,1.366519742430269
Selenge,1992,0.3419679473321491
Selenge,1993,1.259918872619049
Selenge,1994,1.1226165152499021
Selenge,1995,0.5580487537842141
Selenge,1996,-0.3524328280589212
Selenge,1997,0.4225430002933963
Selenge,1998,1.3307166073108254
Selenge,1999,-0.4052780231308425
Selenge,2000,-0.07710695713681975
Selenge,2001,-0.8664601717213708
Selenge,2002,-0.8042090566668483
Selenge,2003,-0.2783712702522478
Selenge,2004,0.2207517274067422
Selenge,2005,0.08910258418665526
Selenge,2006,0.14977058568448123
Selenge,2007,0.025662662093914226
Selenge,2008,1.119959461787192
Selenge,2009,-0.15272639114816444
Selenge,2010,-0.9446350461145684
Selenge,2011,-0.004445193044587341
Selenge,2012,0.5186706193372064
Selenge,2013,0.03764608725087726
Selenge,2014,-0.4274004810834965
Selenge,2015,-1.3724060113959544
Selenge,2016,-0.15217197077487174
Selenge,2017,-1.9872480602241653
Selenge,2018,-0.5552109393600657
Selenge,2019,-0.21297429232791432
Selenge,2020,-0.0102031464204081
Selenge,2021,1.9016784840074936
Selenge,2022,0.13532069199014554
Selenge,2023,0.8118019561551038
Selenge,2024,0.6937191811354396
Sukhbaatar,1950,1.9063643609725138
Sukhbaatar,1951,0.39144052319627015
Sukhbaatar,1952,1.2590185991863598
Sukhbaatar,1953,1.297127740799099
Sukhbaatar,1954,1.9389185614293085
Sukhbaatar,1955,1.0666137417958788
Sukhbaatar,1956,0.2749712777575129
Sukhbaatar,1957,0.9413191432631204
Sukhbaatar,1958,0.4245276717594769
Sukhbaatar,1959,1.5803561174389262
Sukhbaatar,1960,0.9185527902658488
Sukhbaatar,1961,-0.4893857428364797
Sukhbaatar,1962,0.08480993339546593
Sukhbaatar,1963,-0.2014722552831275
Sukhbaatar,1964,-0.3624599311626353
Sukhbaatar,1965,-0.7116223114866257
Sukhbaatar,1966,-0.8432167108795305
Sukhbaatar,1967,1.763114999523189
Sukhbaatar,1968,-1.0731873364589593
Sukhbaatar,1969,0.2975121107145683
Sukhbaatar,1970,0.3722175681269078
Sukhbaatar,1971,0.49232340563598653
Sukhbaatar,1972,0.005413500327389595
Sukhbaatar,1973,1.2162410211982546
Sukhbaatar,1974,0.6324699649646683
Sukhbaatar,1975,0.9515139534519811
Sukhbaatar,1976,1.1427014043094226
Sukhbaatar,1977,1.5850528676038609
Sukhbaatar,1978,0.2846789178280008
Sukhbaatar,1979,0.646619055839052
Sukhbaatar,1980,0.4264279689869249
Sukhbaatar,1981,0.18784302389898627
Sukhbaatar,1982,0.09656606129773826
Sukhbaatar,1983,0.3453071774590578
Sukhbaatar,1984,1.1714097967546075
Sukhbaatar,1985,0.36836537214646675
Sukhbaatar,1986,-0.26082865419002965
Sukhbaatar,1987,0.15209265454085158
Sukhbaatar,1988,0.3522110964729752
Sukhbaatar,1989,0.32704717104104325
Sukhbaatar,1990,1.6151287877574902
Sukhbaatar,1991,0.7079628393444632
Sukhbaatar,1992,0.4938369385728102
Sukhbaatar,1993,0.6822525911962877
Sukhbaatar,1994,0.292109540464517
Sukhbaatar,1995,-0.3061430488281791
Sukhbaatar,1996,0.6273777961746372
Sukhbaatar,1997,0.48530414244615244
Sukhbaatar,1998,1.913716709555516
Sukhbaatar,1999,-0.334703176033797
Sukhbaatar,2000,-1.0079919632280476
Sukhbaatar,2001,-0.6068436424039045
Sukhbaatar,2002,0.9412424423271393
Sukhbaatar,2003,0.2563679025476736
Sukhbaatar,2004,-0.801680239710644
Sukhbaatar,2005,-0.03975518440704069
Sukhbaatar,2006,-0.21788660171434063
Sukhbaatar,2007,-1.900418918069338
Sukhbaatar,2008,0.8150330762916886
Sukhbaatar,2009,-0.4639585307841675
Sukhbaatar,2010,-0.7134758426158961
Sukhbaatar,2011,0.3426833916248298
Sukhbaatar,2012,1.2295093472532068
Sukhbaatar,2013,0.2475857485638033
Sukhbaatar,2014,0.5932122127985651
Sukhbaatar,2015,-0.4239927993637633
Sukhbaatar,2016,-0.4369875085426612
Sukhbaatar,2017,-1.5454948773608446
Sukhbaatar,2018,-0.5697397902585639
Sukhbaatar,2019,-0.2967875997789906
Sukhbaatar,2020,0.4592170191823295
Sukhbaatar,2021,0.11771284226699147
Sukhbaatar,2022,-0.5182368393951612
Sukhbaatar,2023,-0.433601833908541
Sukhbaatar,2024,-0.04504777611870215
Tuv,1950,2.6494462058748867
Tuv,1951,-0.23992320647169937
Tuv,1952,0.4260290519740948
Tuv,1953,0.438697165679426
Tuv,1954,1.6692681278408235
Tuv,1955,0.9341842332153821
Tuv,1956,1.1079757805498598
Tuv,1957,0.6193518550451781
Tuv,1958,1.3586947425649163
Tuv,1959,1.407676934925223
Tuv,1960,1.0998537678749107
Tuv,1961,0.3886724860199414
Tuv,1962,0.7044783688474627
Tuv,1963,0.6647528227543578
Tuv,1964,1.9656095508393403
Tuv,1965,0.39045367770266987
Tuv,1966,1.2705235589363362
Tuv,1967,2.321446884394024
Tuv,1968,0.4238289521127863
Tuv,1969,0.18541264460631246
Tuv,1970,0.5628811404741908
Tuv,1971,2.831453645555376
Tuv,1972,0.12814475307434112
Tuv,1973,2.054881598487475
Tuv,1974,0.11938118501313197
Tuv,1975,1.5975735798223794
Tuv,1976,1.9478912155851718
Tuv,1977,0.5702684562232838
Tuv,1978,0.6712438073164129
Tuv,1979,0.7399911201222407
Tuv,1980,0.11964886182851149
Tuv,1981,0.13765432337581487
Tuv,1982,1.293206405225794
Tuv,1983,1.7220872696117522
Tuv,1984,0.9651093550638992
Tuv,1985,1.7757148050122278
Tuv,1986,1.2351245356472762
Tuv,1987,0.6749451249733085
Tuv,1988,1.501166369062597
Tuv,1989,0.09359563503051947
Tuv,1990,1.7221232308032808
Tuv,1991,0.7924606698950748
Tuv,1992,0.6307289539234944
Tuv,1993,1.7269674613304205
Tuv,1994,1.4136626523897518
Tuv,1995,0.9798216108642761
Tuv,1996,0.22196847790686883
Tuv,1997,0.01977977385875396
Tuv,1998,0.45039695187742584
Tuv,1999,0.16863349758221083
Tuv,2000,-0.5784155695293324
Tuv,2001,-0.24445394237185386
Tuv,2002,-0.7442255123138355
Tuv,2003,0.2866301849395349
Tuv,2004,-0.1945688814053539
Tuv,2005,-0.4025045379780546
Tuv,2006,-0.06146119877921436
Tuv,2007,-0.7669414179019288
Tuv,2008,0.46344294268399516
Tuv,2009,-0.5121223040069381
Tuv,2010,-0.9318419307839935
Tuv,2011,0.4480721928023677
Tuv,2012,0.09244947689646128
Tuv,2013,0.040474879920991046
Tuv,2014,0.31541471022689344
Tuv,2015,-1.237522583696982
Tuv,2016,-0.24764292233676238
Tuv,2017,-1.9069456132057687
Tuv,2018,-0.6349124793326083
Tuv,2019,-0.4018323718891693
Tuv,2020,-0.3849407271003869
Tuv,2021,0.46175879374973205
Tuv,2022,-0.0056546273178919235
Tuv,2023,0.32348711316355844
Tuv,2024,0.5624492282010507
Umnugovi,1950,1.217577316657065
Umnugovi,1951,-0.10144744213984994
Umnugovi,1952,0.29749340387233486
Umnugovi,1953,0.41851145329043166
Umnugovi,1954,1.3603086077732705
Umnugovi,1955,1.6590916320136202
Umnugovi,1956,0.830161121355865
Umnugovi,1957,0.21906315210220578
Umnugovi,1958,1.1681855099119125
Umnugovi,1959,0.3502989121712091
Umnugovi,1960,0.29850272910275044
Umnugovi,1961,-0.37408254567157945
Umnugovi,1962,0.2828137037371424
Umnugovi,1963,0.02150055957945524
Umnugovi,1964,0.8886538311506731
Umnugovi,1965,-0.5806565460096837
Umnugovi,1966,0.25108417792301996
Umnugovi,1967,0.5001036362605705
Umnugovi,1968,0.034068495750964184
Umnugovi,1969,0.9644509261470503
Umnugovi,1970,-0.24043431186462896
Umnugovi,1971,1.0745961350921645
Umnugovi,1972,-0.9872034276229418
Umnugovi,1973,0.8422863642312264
Umnugovi,1974,0.5153724281846175
Umnugovi,1975,0.9718486159407835
Umnugovi,1976,1.227393284596366
Umnugovi,1977,1.7630779375696097
Umnugovi,1978,0.19899490082500176
Umnugovi,1979,1.3792544977759509
Umnugovi,1980,-0.14941836767069347
Umnugovi,1981,0.408006250454974
Umnugovi,1982,-0.14947086227760992
Umnugovi,1983,0.6683077649430041
Umnugovi,1984,0.6018763535839912
Umnugovi,1985,0.1819412590350489
Umnugovi,1986,-0.18217587742039715
Umnugovi,1987,0.011836751162186843
Umnugovi,1988,-0.05742978161431117
Umnugovi,1989,-0.38800309043316067
Umnugovi,1990,0.7567451540955282
Umnugovi,1991,0.057092102496124404
Umnugovi,1992,0.6999908745400661
Umnugovi,1993,1.2802575168297956
Umnugovi,1994,0.7958618957625898
Umnugovi,1995,0.3868715773632169
Umnugovi,1996,1.0667866418676704
Umnugovi,1997,0.6301239911604931
Umnugovi,1998,0.3719745659277559
Umnugovi,1999,-0.027532084717136168
Umnugovi,2000,-0.23128285203958718
Umnugovi,2001,-0.6768417813749872
Umnugovi,2002,0.2738446998572949
Umnugovi,2003,1.2783462394477894
Umnugovi,2004,0.09621337463232563
Umnugovi,2005,-1.1214543417842828
Umnugovi,2006,-0.47937185605377963
Umnugovi,2007,-0.5141919007089518
Umnugovi,2008,-0.35965985658274613
Umnugovi,2009,-1.7348776405095232
Umnugovi,2010,-0.6611624369210837
Umnugovi,2011,-0.6075157508366051
Umnugovi,2012,-0.0024306375269622033
Umnugovi,2013,-0.610639342970168
Umnugovi,2014,0.6688781420328113
Umnugovi,2015,0.23043160979472627
Umnugovi,2016,0.7950207615179036
Umnugovi,2017,-1.2142225985589152
Umnugovi,2018,-0.4107732577792096
Umnugovi,2019,-0.18705075907691937
Umnugovi,2020,-1.16301079742032
Umnugovi,2021,-0.26002343039007886
Umnugovi,2022,-1.585294253322245
Umnugovi,2023,-0.9451905660321074
Umnugovi,2024,-0.666876024992198
Uvs,1950,0.6196250951963863
Uvs,1951,0.17217887433488382
Uvs,1952,0.527952949252783
Uvs,1953,-0.22452512528755855
Uvs,1954,0.7728115568140445
Uvs,1955,-0.7380933931964301
Uvs,1956,0.8107969820232458
Uvs,1957,-0.6943832768789072
Uvs,1958,1.1295324646267095
Uvs,1959,0.6923680752669603
Uvs,1960,0.220040958462788
Uvs,1961,1.3423618111625553
Uvs,1962,0.35691416121258407
Uvs,1963,0.45557738918593094
Uvs,1964,0.2291323165859801
Uvs,1965,-0.4196273821457678
Uvs,1966,0.4001612531296344
Uvs,1967,1.2680428796088978
Uvs,1968,-0.8660143906700236
Uvs,1969,0.921086478645494
Uvs,1970,0.4891464289990841
Uvs,1971,0.24795360103989814
Uvs,1972,0.22906271078727888
Uvs,1973,0.22158442121390395
Uvs,1974,-0.7068034950010045
Uvs,1975,-0.6993826250682652
Uvs,1976,0.6366087833122946
Uvs,1977,0.08067583913131682
Uvs,1978,-0.5741840075963409
Uvs,1979,0.20084765735425691
Uvs,1980,0.3348181265030903
Uvs,1981,-0.6429214527713863
Uvs,1982,0.47171395555409223
Uvs,1983,1.2492613201859508
Uvs,1984,1.351313976233683
Uvs,1985,1.049599557578359
Uvs,1986,1.6109188514071702
Uvs,1987,1.0904199955667182
Uvs,1988,0.9258790632514081
Uvs,1989,0.6255393255750039
Uvs,1990,0.6172608581052746
Uvs,1991,0.7528515365018391
Uvs,1992,0.027145068928369365
Uvs,1993,1.9259302817653212
Uvs,1994,1.765031963022387
Uvs,1995,0.6147870204401987
Uvs,1996,0.4847579064226657
Uvs,1997,1.0068825987713095
Uvs,1998,0.3810158141128705
Uvs,1999,-0.5862344046364495
Uvs,2000,0.833481988979172
Uvs,2001,-0.7583087610543396
Uvs,2002,-0.6956894473193864
Uvs,2003,0.5155897076886161
Uvs,2004,-0.5647887668296739
Uvs,2005,0.016159556215989506
Uvs,2006,0.3966296730019556
Uvs,2007,-0.83433063069235
Uvs,2008,-0.6680306322588941
Uvs,2009,-0.34955282111313635
Uvs,2010,0.07669973722584457
Uvs,2011,-0.5442414095378043
Uvs,2012,-0.5349513459513585
Uvs,2013,-0.13657898396101859
Uvs,2014,-0.8353656388538487
Uvs,2015,-1.0109123499083739
Uvs,2016,0.24751255124164465
Uvs,2017,-1.5433587405276747
Uvs,2018,-0.5804207853663067
Uvs,2019,0.6337017701198502
Uvs,2020,0.23378977237266751
Uvs,2021,-0.38550738952291425
Uvs,2022,-1.9625771920572357
Uvs,2023,-0.6681048991572425
Uvs,2024,-1.2460136551278838
Uvurkhangai,1950,1.5982244993274382
Uvurkhangai,1951,-0.054812389908129165
Uvurkhangai,1952,-0.15193049190777075
Uvurkhangai,1953,0.025975278866515825
Uvurkhangai,1954,1.431415204248783
Uvurkhangai,1955,1.3628964173051505
Uvurkhangai,1956,1.1358846950832162
Uvurkhangai,1957,0.4205476190056433
Uvurkhangai,1958,1.3320907902462662
Uvurkhangai,1959,1.2006789099698099
Uvurkhangai,1960,0.7308207251827759
Uvurkhangai,1961,0.39749837110597136
Uvurkhangai,1962,0.7594703368111232
Uvurkhangai,1963,0.8337075297894639
Uvurkhangai,1964,0.9983609450079736
Uvurkhangai,1965,0.16682789514837995
Uvurkhangai,1966,0.6927880339600995
Uvurkhangai,1967,0.7448525740740106
Uvurkhangai,1968,0.11685803718203298
Uvurkhangai,1969,0.6352803617268099
Uvurkhangai,1970,-0.0491370185641088
Uvurkhangai,1971,1.2858891038660232
Uvurkhangai,1972,0.1512260576719338
Uvurkhangai,1973,1.07160269315143
Uvurkhangai,1974,0.5756585994181186
Uvurkhangai,1975,1.2094059007944638
Uvurkhangai,1976,1.7175133115405756
Uvurkhangai,1977,1.6771633349474429
Uvurkhangai,1978,0.11844753016114742
Uvurkhangai,1979,0.48705392481920956
Uvurkhangai,1980,-0.13176714747825888
Uvurkhangai,1981,0.3560264600433086
Uvurkhangai,1982,0.697611191400918
Uvurkhangai,1983,0.47546724751321423
Uvurkhangai,1984,0.2720330695462631
Uvurkhangai,1985,0.2883048243894529
Uvurkhangai,1986,-0.2717725856709489
Uvurkhangai,1987,1.003266340617625
Uvurkhangai,1988,-0.16776225569821315
Uvurkhangai,1989,-0.2101939461116676
Uvurkhangai,1990,1.464354106375138
Uvurkhangai,1991,0.4467785113722361
Uvurkhangai,1992,0.8808423661082034
Uvurkhangai,1993,1.3979221273538067
Uvurkhangai,1994,1.6729216357389376
Uvurkhangai,1995,0.30537912894770086
Uvurkhangai,1996,0.5871840505903865
Uvurkhangai,1997,-0.0220155510491397
Uvurkhangai,1998,0.26325184978396643
Uvurkhangai,1999,0.13549566179452452
Uvurkhangai,2000,-0.5879190273584798
Uvurkhangai,2001,-0.2033149773364034
Uvurkhangai,2002,-0.8710645152969593
Uvurkhangai,2003,1.3118121985002158
Uvurkhangai,2004,-0.2846136370825958
Uvurkhangai,2005,-0.6953849810823504
Uvurkhangai,2006,0.3229690982572058
Uvurkhangai,2007,-0.5284288693454176
Uvurkhangai,2008,-0.44583316424981273
Uvurkhangai,2009,-1.1422350857658068
Uvurkhangai,2010,-0.7688195714454943
Uvurkhangai,2011,-0.00527156265092435
Uvurkhangai,2012,-0.477149584251112
Uvurkhangai,2013,-0.5757737920211906
Uvurkhangai,2014,0.49701384754486744
Uvurkhangai,2015,-0.04184323091612322
Uvurkhangai,2016,1.221777827303195
Uvurkhangai,2017,-1.741617893968449
Uvurkhangai,2018,-0.8429398230187907
Uvurkhangai,2019,-0.5171608236505739
Uvurkhangai,2020,-1.6728140265326272
Uvurkhangai,2021,0.12682984725830762
Uvurkhangai,2022,-1.4406525597437911
Uvurkhangai,2023,0.02957946719629353
Uvurkhangai,2024,-0.4162548219056183
Zavkhan,1950,1.0370902061200944
Zavkhan,1951,0.22607622483608572
Zavkhan,1952,-0.1438783428222996
Zavkhan,1953,-0.21664386646056585
Zavkhan,1954,0.6048514476037959
Zavkhan,1955,0.6651686527430726
Zavkhan,1956,0.9469798654337478
Zavkhan,1957,-0.29121077480189583
Zavkhan,1958,0.9124423392159889
Zavkhan,1959,1.264176503758189
Zavkhan,1960,0.3462392296686934
Zavkhan,1961,0.955748188984157
Zavkhan,1962,0.3905607398895588
Zavkhan,1963,0.8708519716495166
Zavkhan,1964,0.8504698365687893
Zavkhan,1965,0.017095554842661887
Zavkhan,1966,0.5334299646456788
Zavkhan,1967,0.804714997395923
Zavkhan,1968,-0.47478295876618076
Zavkhan,1969,0.6507982975619836
Zavkhan,1970,-0.15986476925633125
Zavkhan,1971,0.7014379349048129
Zavkhan,1972,0.09896070941452782
Zavkhan,1973,0.7241180299036014
Zavkhan,1974,-0.6180875222404935
Zavkhan,1975,0.5700353042061196
Zavkhan,1976,1.0325951695046194
Zavkhan,1977,0.37440423517513605
Zavkhan,1978,0.47583476891468185
Zavkhan,1979,1.0351624499632197
Zavkhan,1980,0.052865478646330163
Zavkhan,1981,-0.10966660865308066
Zavkhan,1982,0.21764620574715063
Zavkhan,1983,1.181999078468636
Zavkhan,1984,1.355755763206149
Zavkhan,1985,0.2552308194292929
Zavkhan,1986,0.9396282111199931
Zavkhan,1987,1.271156687165432
Zavkhan,1988,0.7085943667668405
Zavkhan,1989,0.5266685063603607
Zavkhan,1990,1.2677257915730191
Zavkhan,1991,0.5591036828356944
Zavkhan,1992,0.22970262799761235
Zavkhan,1993,2.173300915099636
Zavkhan,1994,1.733712073220307
Zavkhan,1995,0.9219374816041874
Zavkhan,1996,0.35589635970470823
Zavkhan,1997,0.3495997179314424
Zavkhan,1998,0.8787167334436763
Zavkhan,1999,-0.5070172941266217
Zavkhan,2000,-0.07988497151661436
Zavkhan,2001,-0.3353303742837597
Zavkhan,2002,-0.8755669859314974
Zavkhan,2003,0.938267680783599
Zavkhan,2004,-0.46845758790421144
Zavkhan,2005,0.299845380701062
Zavkhan,2006,0.4380994298748914
Zavkhan,2007,-0.8808305268752374
Zavkhan,2008,-0.7426058553128687
Zavkhan,2009,-0.8288310694508604
Zavkhan,2010,0.1367878866091125
Zavkhan,2011,0.03567494344781806
Zavkhan,2012,-0.7764582682513859
Zavkhan,2013,-0.3934647104902794
Zavkhan,2014,-1.0264928647253417
Zavkhan,2015,-0.11239581360371109
Zavkhan,2016,0.5775017547649021
Zavkhan,2017,-1.9501535422083955
Zavkhan,2018,-0.634972593219003
Zavkhan,2019,0.0033424252821037115
Zavkhan,2020,-0.31852351730475453
Zavkhan,2021,-0.022950041990144263
Zavkhan,2022,-2.137712399777057
Zavkhan,2023,-0.6135459681802405
Zavkhan,2024,-1.2869893570628088
